bundle_id,restaurant_id,bundle_name,cuisine,item_ids,base_price,base_cost,has_new_item
0,0,Bundle_0_Rest_0,chinese,"[10, 13, 8]",289.95,201.97,False
1,0,Bundle_1_Rest_0,chinese,"[3, 12, 2]",430.92,300.16,True
2,0,Bundle_2_Rest_0,chinese,"[8, 1, 12]",467.58,325.7,True
3,0,Bundle_3_Rest_0,chinese,"[9, 12, 7]",415.4,289.36,True
4,1,Bundle_4_Rest_1,north_indian,"[19, 20, 17]",425.22,320.67,False
5,1,Bundle_5_Rest_1,north_indian,"[16, 18, 21]",485.29,365.96,False
6,2,Bundle_6_Rest_2,north_indian,"[24, 33, 26]",546.89,388.8,True
7,2,Bundle_7_Rest_2,north_indian,"[23, 32, 25]",414.56,294.72,False
8,2,Bundle_8_Rest_2,north_indian,"[23, 31, 25]",501.52,356.54,False
9,2,Bundle_9_Rest_2,north_indian,"[27, 33, 28]",432.79,307.69,True
10,3,Bundle_10_Rest_3,chinese,"[34, 36, 37]",499.79,336.65,False
11,3,Bundle_11_Rest_3,chinese,"[38, 40, 34]",382.03,257.34,False
12,3,Bundle_12_Rest_3,chinese,"[41, 40, 39]",282.55,190.33,False
13,4,Bundle_13_Rest_4,north_indian,"[51, 52, 47]",401.59,334.5,True
14,4,Bundle_14_Rest_4,north_indian,"[42, 49, 51]",405.99,338.16,True
15,4,Bundle_15_Rest_4,north_indian,"[49, 47, 52]",270.08,224.97,True
16,4,Bundle_16_Rest_4,north_indian,"[49, 50, 51]",481.46,401.02,True
17,5,Bundle_17_Rest_5,north_indian,"[53, 59, 56]",391.07,294.03,False
18,5,Bundle_18_Rest_5,north_indian,"[59, 60, 53]",453.72,341.13,False
19,6,Bundle_19_Rest_6,desserts,"[66, 67, 69]",523.49,340.24,False
20,6,Bundle_20_Rest_6,desserts,"[66, 75, 69]",418.44,271.95,False
21,6,Bundle_21_Rest_6,desserts,"[70, 63, 67]",455.28,295.91,True
22,6,Bundle_22_Rest_6,desserts,"[64, 72, 69]",381.97,248.26,False
23,7,Bundle_23_Rest_7,italian,"[79, 82, 78]",447.81,316.66,False
24,7,Bundle_24_Rest_7,italian,"[88, 87, 85]",471.83,333.64,True
25,7,Bundle_25_Rest_7,italian,"[87, 85, 84]",464.09,328.17,True
26,7,Bundle_26_Rest_7,italian,"[82, 81, 88]",436.75,308.84,False
27,8,Bundle_27_Rest_8,italian,"[94, 96, 100]",409.25,307.66,False
28,8,Bundle_28_Rest_8,italian,"[99, 94, 102]",385.39,289.73,False
29,9,Bundle_29_Rest_9,mughlai,"[110, 108, 105]",439.47,292.91,False
30,9,Bundle_30_Rest_9,mughlai,"[109, 111, 103]",465.85,310.5,False
31,9,Bundle_31_Rest_9,mughlai,"[110, 108, 104]",344.82,229.83,False
32,9,Bundle_32_Rest_9,mughlai,"[111, 110, 106]",287.49,191.61,False
33,10,Bundle_33_Rest_10,chinese,"[117, 119, 116]",294.15,235.81,True
34,10,Bundle_34_Rest_10,chinese,"[117, 116, 118]",395.98,317.44,True
35,11,Bundle_35_Rest_11,mughlai,"[129, 131, 128]",312.68,232.49,True
36,11,Bundle_36_Rest_11,mughlai,"[129, 121, 127]",321.02,238.69,True
37,11,Bundle_37_Rest_11,mughlai,"[128, 130, 129]",363.11,269.98,True
38,12,Bundle_38_Rest_12,chinese,"[138, 144, 141]",516.36,404.25,False
39,12,Bundle_39_Rest_12,chinese,"[134, 145, 137]",668.74,523.54,False
40,12,Bundle_40_Rest_12,chinese,"[140, 139, 136]",466.1,364.91,True
41,13,Bundle_41_Rest_13,continental,"[149, 157, 153]",378.71,301.75,False
42,13,Bundle_42_Rest_13,continental,"[150, 153, 152]",369.33,294.27,True
43,13,Bundle_43_Rest_13,continental,"[151, 152, 155]",320.07,255.03,True
44,13,Bundle_44_Rest_13,continental,"[150, 153, 155]",374.19,298.14,True
45,14,Bundle_45_Rest_14,north_indian,"[171, 170, 168]",456.27,300.4,False
46,14,Bundle_46_Rest_14,north_indian,"[164, 171, 167]",430.08,283.16,True
47,14,Bundle_47_Rest_14,north_indian,"[159, 169, 168]",362.77,238.84,False
48,15,Bundle_48_Rest_15,north_indian,"[175, 179, 172]",613.34,477.04,False
49,15,Bundle_49_Rest_15,north_indian,"[178, 179, 176]",501.91,390.38,False
50,16,Bundle_50_Rest_16,mughlai,"[184, 180, 187]",341.45,264.74,False
51,16,Bundle_51_Rest_16,mughlai,"[181, 180, 183]",606.47,470.21,False
52,17,Bundle_52_Rest_17,continental,"[195, 192, 190]",309.09,216.1,True
53,17,Bundle_53_Rest_17,continental,"[200, 195, 199]",395.01,276.17,True
54,17,Bundle_54_Rest_17,continental,"[195, 193, 197]",410.72,287.16,True
55,18,Bundle_55_Rest_18,mughlai,"[204, 210, 208]",281.2,188.77,True
56,18,Bundle_56_Rest_18,mughlai,"[203, 212, 207]",437.35,293.58,False
57,19,Bundle_57_Rest_19,north_indian,"[215, 221, 219]",353.42,225.68,True
58,19,Bundle_58_Rest_19,north_indian,"[216, 220, 214]",386.43,246.76,False
59,20,Bundle_59_Rest_20,chinese,"[235, 232, 225]",453.76,307.29,True
60,20,Bundle_60_Rest_20,chinese,"[233, 229, 224]",327.51,221.79,True
61,20,Bundle_61_Rest_20,chinese,"[228, 230, 236]",226.19,153.17,False
62,20,Bundle_62_Rest_20,chinese,"[230, 234, 224]",305.62,206.97,True
63,21,Bundle_63_Rest_21,continental,"[244, 249, 245]",314.23,203.02,False
64,21,Bundle_64_Rest_21,continental,"[241, 239, 249]",319.07,206.13,False
65,21,Bundle_65_Rest_21,continental,"[239, 247, 246]",412.58,266.54,True
66,21,Bundle_66_Rest_21,continental,"[243, 239, 240]",340.92,220.24,False
67,22,Bundle_67_Rest_22,south_indian,"[258, 252, 254]",343.91,222.87,False
68,22,Bundle_68_Rest_22,south_indian,"[251, 256, 252]",418.77,271.38,False
69,22,Bundle_69_Rest_22,south_indian,"[255, 257, 251]",531.2,344.25,False
70,22,Bundle_70_Rest_22,south_indian,"[251, 261, 260]",412.24,267.15,False
71,23,Bundle_71_Rest_23,mughlai,"[266, 267, 265]",526.88,396.47,True
72,23,Bundle_72_Rest_23,mughlai,"[268, 262, 267]",541.6,407.57,True
73,23,Bundle_73_Rest_23,mughlai,"[268, 262, 266]",424.13,319.16,False
74,24,Bundle_74_Rest_24,italian,"[272, 278, 274]",370.91,244.58,False
75,24,Bundle_75_Rest_24,italian,"[275, 274, 272]",427.09,281.63,False
76,24,Bundle_76_Rest_24,italian,"[273, 277, 275]",373.62,246.37,False
77,24,Bundle_77_Rest_24,italian,"[278, 273, 272]",277.16,182.76,False
78,25,Bundle_78_Rest_25,beverages,"[281, 288, 279]",358.87,288.16,False
79,25,Bundle_79_Rest_25,beverages,"[288, 287, 282]",491.57,394.71,True
80,26,Bundle_80_Rest_26,chinese,"[294, 300, 302]",419.05,322.14,True
81,26,Bundle_81_Rest_26,chinese,"[295, 296, 301]",550.99,423.59,False
82,26,Bundle_82_Rest_26,chinese,"[298, 293, 292]",413.45,317.84,False
83,27,Bundle_83_Rest_27,beverages,"[306, 310, 312]",432.63,308.27,False
84,27,Bundle_84_Rest_27,beverages,"[310, 311, 309]",443.26,315.84,False
85,28,Bundle_85_Rest_28,chinese,"[317, 318, 315]",440.48,367.74,False
86,28,Bundle_86_Rest_28,chinese,"[317, 316, 314]",398.14,332.4,False
87,29,Bundle_87_Rest_29,italian,"[324, 331, 322]",453.25,344.74,False
88,29,Bundle_88_Rest_29,italian,"[322, 329, 326]",328.27,249.67,False
89,30,Bundle_89_Rest_30,north_indian,"[337, 344, 335]",399.84,276.87,True
90,30,Bundle_90_Rest_30,north_indian,"[337, 340, 334]",431.25,298.63,True
91,31,Bundle_91_Rest_31,beverages,"[347, 355, 346]",333.01,221.93,True
92,31,Bundle_92_Rest_31,beverages,"[347, 352, 348]",500.94,333.86,True
93,31,Bundle_93_Rest_31,beverages,"[355, 348, 354]",496.71,331.03,True
94,31,Bundle_94_Rest_31,beverages,"[347, 349, 352]",485.17,323.35,True
95,32,Bundle_95_Rest_32,continental,"[362, 356, 360]",503.4,383.22,False
96,32,Bundle_96_Rest_32,continental,"[360, 356, 361]",453.5,345.23,False
97,33,Bundle_97_Rest_33,italian,"[372, 379, 376]",334.3,257.12,False
98,33,Bundle_98_Rest_33,italian,"[371, 375, 372]",267.42,205.68,False
99,33,Bundle_99_Rest_33,italian,"[380, 379, 367]",451.11,346.94,False
100,33,Bundle_100_Rest_33,italian,"[367, 370, 373]",426.11,327.71,False
101,34,Bundle_101_Rest_34,mughlai,"[390, 384, 386]",347.68,251.96,True
102,34,Bundle_102_Rest_34,mughlai,"[390, 389, 385]",373.66,270.8,True
103,34,Bundle_103_Rest_34,mughlai,"[390, 391, 383]",391.16,283.47,True
104,34,Bundle_104_Rest_34,mughlai,"[385, 389, 386]",354.02,256.56,False
105,35,Bundle_105_Rest_35,mughlai,"[400, 396, 392]",354.06,278.54,True
106,35,Bundle_106_Rest_35,mughlai,"[392, 395, 397]",389.07,306.08,True
107,36,Bundle_107_Rest_36,north_indian,"[404, 402, 408]",245.73,180.1,True
108,36,Bundle_108_Rest_36,north_indian,"[405, 402, 403]",342.36,250.94,False
109,36,Bundle_109_Rest_36,north_indian,"[408, 402, 407]",285.64,209.36,False
110,37,Bundle_110_Rest_37,desserts,"[417, 416, 415]",304.85,234.95,False
111,37,Bundle_111_Rest_37,desserts,"[410, 420, 412]",572.96,441.59,False
112,37,Bundle_112_Rest_37,desserts,"[418, 411, 409]",403.7,311.14,False
113,37,Bundle_113_Rest_37,desserts,"[412, 421, 419]",446.27,343.95,False
114,38,Bundle_114_Rest_38,desserts,"[427, 423, 426]",343.32,262.98,False
115,38,Bundle_115_Rest_38,desserts,"[428, 427, 429]",322.99,247.42,False
116,38,Bundle_116_Rest_38,desserts,"[434, 435, 424]",269.91,206.76,True
117,38,Bundle_117_Rest_38,desserts,"[424, 428, 425]",339.09,259.76,True
118,39,Bundle_118_Rest_39,south_indian,"[437, 445, 443]",439.52,329.36,True
119,39,Bundle_119_Rest_39,south_indian,"[437, 442, 447]",470.25,352.39,False
120,39,Bundle_120_Rest_39,south_indian,"[438, 447, 439]",415.81,311.6,False
121,40,Bundle_121_Rest_40,north_indian,"[461, 457, 458]",652.1,561.41,False
122,40,Bundle_122_Rest_40,north_indian,"[463, 456, 462]",339.12,291.95,True
123,40,Bundle_123_Rest_40,north_indian,"[455, 458, 463]",374.8,322.67,False
124,40,Bundle_124_Rest_40,north_indian,"[453, 461, 454]",597.62,514.49,False
125,41,Bundle_125_Rest_41,desserts,"[467, 471, 472]",321.49,238.01,False
126,41,Bundle_126_Rest_41,desserts,"[468, 470, 469]",542.46,401.6,True
127,41,Bundle_127_Rest_41,desserts,"[470, 468, 471]",443.42,328.27,True
128,42,Bundle_128_Rest_42,chinese,"[479, 476, 480]",428.94,282.07,False
129,42,Bundle_129_Rest_42,chinese,"[474, 476, 478]",337.95,222.24,False
130,42,Bundle_130_Rest_42,chinese,"[475, 474, 476]",429.11,282.18,True
131,43,Bundle_131_Rest_43,mughlai,"[486, 487, 494]",406.54,348.47,True
132,43,Bundle_132_Rest_43,mughlai,"[490, 489, 493]",321.82,275.86,True
133,44,Bundle_133_Rest_44,north_indian,"[502, 507, 501]",257.6,195.13,False
134,44,Bundle_134_Rest_44,north_indian,"[500, 507, 506]",288.98,218.89,True
135,44,Bundle_135_Rest_44,north_indian,"[498, 507, 506]",274.41,207.85,True
136,45,Bundle_136_Rest_45,south_indian,"[516, 515, 509]",379.51,303.19,False
137,45,Bundle_137_Rest_45,south_indian,"[521, 512, 518]",494.46,395.03,False
138,45,Bundle_138_Rest_45,south_indian,"[521, 514, 518]",433.17,346.07,False
139,46,Bundle_139_Rest_46,desserts,"[529, 527, 530]",550.59,452.44,True
140,46,Bundle_140_Rest_46,desserts,"[526, 523, 524]",353.64,290.6,True
141,47,Bundle_141_Rest_47,continental,"[540, 532, 537]",343.49,286.38,True
142,47,Bundle_142_Rest_47,continental,"[531, 540, 537]",365.27,304.54,False
143,47,Bundle_143_Rest_47,continental,"[532, 538, 535]",404.73,337.44,True
144,47,Bundle_144_Rest_47,continental,"[540, 538, 531]",344.24,287.01,False
145,48,Bundle_145_Rest_48,beverages,"[549, 548, 546]",505.89,370.73,False
146,48,Bundle_146_Rest_48,beverages,"[542, 543, 549]",348.11,255.11,True
147,49,Bundle_147_Rest_49,desserts,"[558, 553, 556]",505.44,376.08,False
148,49,Bundle_148_Rest_49,desserts,"[552, 554, 555]",348.4,259.23,False
149,50,Bundle_149_Rest_50,beverages,"[560, 562, 565]",355.86,303.59,False
150,50,Bundle_150_Rest_50,beverages,"[570, 561, 568]",461.7,393.88,True
151,50,Bundle_151_Rest_50,beverages,"[562, 566, 560]",465.33,396.98,False
152,50,Bundle_152_Rest_50,beverages,"[565, 567, 563]",315.22,268.92,False
153,51,Bundle_153_Rest_51,mughlai,"[573, 578, 579]",331.89,261.26,True
154,51,Bundle_154_Rest_51,mughlai,"[578, 577, 579]",317.65,250.05,True
155,52,Bundle_155_Rest_52,north_indian,"[585, 583, 587]",395.2,296.69,False
156,52,Bundle_156_Rest_52,north_indian,"[587, 584, 582]",461.21,346.26,False
157,52,Bundle_157_Rest_52,north_indian,"[584, 583, 582]",324.13,243.35,False
158,52,Bundle_158_Rest_52,north_indian,"[588, 583, 582]",277.26,208.16,True
159,53,Bundle_159_Rest_53,italian,"[598, 599, 594]",379.66,313.26,False
160,53,Bundle_160_Rest_53,italian,"[599, 595, 598]",410.45,338.67,False
161,54,Bundle_161_Rest_54,italian,"[605, 603, 609]",318.19,259.11,False
162,54,Bundle_162_Rest_54,italian,"[603, 606, 602]",283.11,230.52,False
163,54,Bundle_163_Rest_54,italian,"[609, 602, 606]",346.38,282.05,False
164,54,Bundle_164_Rest_54,italian,"[609, 607, 608]",379.98,309.42,False
165,55,Bundle_165_Rest_55,chinese,"[623, 617, 615]",393.95,272.27,False
166,55,Bundle_166_Rest_55,chinese,"[610, 615, 614]",410.42,283.66,False
167,55,Bundle_167_Rest_55,chinese,"[616, 615, 612]",394.06,272.35,False
168,55,Bundle_168_Rest_55,chinese,"[613, 616, 614]",286.78,198.21,False
169,56,Bundle_169_Rest_56,desserts,"[630, 633, 636]",358.37,259.95,True
170,56,Bundle_170_Rest_56,desserts,"[628, 626, 625]",375.86,272.65,True
171,56,Bundle_171_Rest_56,desserts,"[633, 630, 631]",410.01,297.41,True
172,56,Bundle_172_Rest_56,desserts,"[635, 634, 628]",602.27,436.87,False
173,57,Bundle_173_Rest_57,italian,"[645, 648, 638]",323.74,248.38,True
174,57,Bundle_174_Rest_57,italian,"[646, 638, 642]",360.84,276.83,True
175,57,Bundle_175_Rest_57,italian,"[646, 647, 640]",349.16,267.87,True
176,58,Bundle_176_Rest_58,mughlai,"[655, 652, 656]",380.02,254.95,False
177,58,Bundle_177_Rest_58,mughlai,"[651, 656, 654]",410.11,275.14,False
178,59,Bundle_178_Rest_59,north_indian,"[663, 658, 666]",341.13,281.98,False
179,59,Bundle_179_Rest_59,north_indian,"[664, 661, 663]",330.4,273.11,True
180,59,Bundle_180_Rest_59,north_indian,"[658, 661, 663]",346.42,286.35,False
181,60,Bundle_181_Rest_60,mughlai,"[670, 674, 677]",297.43,247.9,False
182,60,Bundle_182_Rest_60,mughlai,"[671, 677, 670]",341.42,284.57,False
183,60,Bundle_183_Rest_60,mughlai,"[679, 674, 671]",258.03,215.07,False
184,61,Bundle_184_Rest_61,chinese,"[688, 680, 682]",352.75,262.0,False
185,61,Bundle_185_Rest_61,chinese,"[687, 686, 685]",409.82,304.39,False
186,62,Bundle_186_Rest_62,south_indian,"[695, 696, 692]",511.72,403.55,False
187,62,Bundle_187_Rest_62,south_indian,"[692, 697, 695]",507.74,400.41,True
188,63,Bundle_188_Rest_63,chinese,"[708, 702, 707]",387.99,302.74,True
189,63,Bundle_189_Rest_63,chinese,"[702, 704, 705]",421.89,329.2,True
190,63,Bundle_190_Rest_63,chinese,"[710, 709, 708]",989.89,772.38,False
191,64,Bundle_191_Rest_64,continental,"[715, 714, 712]",343.36,251.11,False
192,64,Bundle_192_Rest_64,continental,"[719, 724, 716]",400.77,293.08,True
193,64,Bundle_193_Rest_64,continental,"[712, 724, 721]",439.49,321.4,False
194,65,Bundle_194_Rest_65,desserts,"[730, 728, 726]",439.76,278.42,False
195,65,Bundle_195_Rest_65,desserts,"[726, 732, 727]",438.04,277.33,False
196,65,Bundle_196_Rest_65,desserts,"[725, 731, 727]",501.99,317.81,True
197,65,Bundle_197_Rest_65,desserts,"[726, 727, 733]",394.82,249.96,False
198,66,Bundle_198_Rest_66,italian,"[734, 741, 738]",362.58,229.65,True
199,66,Bundle_199_Rest_66,italian,"[742, 743, 741]",326.09,206.54,False
200,66,Bundle_200_Rest_66,italian,"[734, 737, 738]",365.44,231.47,True
201,66,Bundle_201_Rest_66,italian,"[734, 735, 737]",380.12,240.77,False
202,67,Bundle_202_Rest_67,beverages,"[749, 746, 750]",483.51,359.63,False
203,67,Bundle_203_Rest_67,beverages,"[748, 744, 749]",382.66,284.62,False
204,67,Bundle_204_Rest_67,beverages,"[749, 751, 750]",507.77,377.68,False
205,67,Bundle_205_Rest_67,beverages,"[751, 747, 746]",352.05,261.86,False
206,68,Bundle_206_Rest_68,beverages,"[755, 753, 761]",536.05,371.56,True
207,68,Bundle_207_Rest_68,beverages,"[754, 763, 753]",306.93,212.75,True
208,68,Bundle_208_Rest_68,beverages,"[758, 755, 759]",619.11,429.14,False
209,68,Bundle_209_Rest_68,beverages,"[760, 753, 754]",405.41,281.02,True
210,69,Bundle_210_Rest_69,mughlai,"[767, 771, 772]",497.03,333.03,True
211,69,Bundle_211_Rest_69,mughlai,"[773, 768, 774]",610.72,409.2,False
212,69,Bundle_212_Rest_69,mughlai,"[774, 775, 768]",631.29,422.99,True
213,70,Bundle_213_Rest_70,italian,"[782, 779, 777]",439.7,298.03,False
214,70,Bundle_214_Rest_70,italian,"[784, 783, 786]",450.65,305.45,False
215,71,Bundle_215_Rest_71,italian,"[797, 793, 795]",481.1,356.27,False
216,71,Bundle_216_Rest_71,italian,"[794, 796, 791]",457.28,338.64,False
217,71,Bundle_217_Rest_71,italian,"[791, 795, 793]",594.66,440.38,False
218,71,Bundle_218_Rest_71,italian,"[793, 789, 796]",510.47,378.02,False
219,72,Bundle_219_Rest_72,beverages,"[803, 801, 805]",521.25,431.99,True
220,72,Bundle_220_Rest_72,beverages,"[802, 798, 801]",668.5,554.01,False
221,72,Bundle_221_Rest_72,beverages,"[804, 802, 806]",545.2,451.83,False
222,73,Bundle_222_Rest_73,south_indian,"[808, 809, 811]",368.75,306.76,False
223,73,Bundle_223_Rest_73,south_indian,"[814, 808, 812]",306.77,255.21,True
224,73,Bundle_224_Rest_73,south_indian,"[808, 813, 809]",409.67,340.8,False
225,73,Bundle_225_Rest_73,south_indian,"[807, 815, 810]",503.59,418.94,True
226,74,Bundle_226_Rest_74,chinese,"[818, 816, 822]",412.77,318.18,False
227,74,Bundle_227_Rest_74,chinese,"[823, 825, 824]",392.38,302.47,True
228,74,Bundle_228_Rest_74,chinese,"[816, 821, 823]",270.68,208.65,False
229,75,Bundle_229_Rest_75,south_indian,"[828, 834, 840]",373.34,256.04,False
230,75,Bundle_230_Rest_75,south_indian,"[831, 837, 833]",383.59,263.08,True
231,75,Bundle_231_Rest_75,south_indian,"[828, 836, 840]",429.49,294.54,False
232,75,Bundle_232_Rest_75,south_indian,"[828, 839, 829]",315.54,216.4,False
233,76,Bundle_233_Rest_76,italian,"[843, 841, 846]",237.76,169.56,False
234,76,Bundle_234_Rest_76,italian,"[843, 841, 846]",237.76,169.56,False
235,76,Bundle_235_Rest_76,italian,"[842, 841, 843]",242.38,172.86,False
236,77,Bundle_236_Rest_77,italian,"[857, 858, 853]",323.45,242.18,False
237,77,Bundle_237_Rest_77,italian,"[859, 858, 856]",366.32,274.29,False
238,77,Bundle_238_Rest_77,italian,"[855, 849, 852]",307.59,230.32,True
239,78,Bundle_239_Rest_78,mughlai,"[866, 861, 870]",297.85,203.69,False
240,78,Bundle_240_Rest_78,mughlai,"[868, 861, 871]",339.14,231.92,False
241,78,Bundle_241_Rest_78,mughlai,"[869, 868, 865]",460.55,314.96,False
242,78,Bundle_242_Rest_78,mughlai,"[863, 867, 866]",538.55,368.3,False
243,79,Bundle_243_Rest_79,chinese,"[880, 875, 876]",453.8,369.13,False
244,79,Bundle_244_Rest_79,chinese,"[879, 875, 880]",438.48,356.68,False
245,80,Bundle_245_Rest_80,south_indian,"[884, 881, 888]",423.87,348.82,False
246,80,Bundle_246_Rest_80,south_indian,"[881, 889, 887]",447.69,368.42,False
247,80,Bundle_247_Rest_80,south_indian,"[881, 889, 888]",495.9,408.1,False
248,81,Bundle_248_Rest_81,desserts,"[894, 901, 900]",302.79,254.79,False
249,81,Bundle_249_Rest_81,desserts,"[892, 899, 898]",432.79,364.18,False
250,82,Bundle_250_Rest_82,south_indian,"[908, 909, 905]",326.54,229.53,True
251,82,Bundle_251_Rest_82,south_indian,"[904, 907, 905]",426.08,299.49,True
252,83,Bundle_252_Rest_83,desserts,"[921, 920, 917]",352.16,280.62,False
253,83,Bundle_253_Rest_83,desserts,"[915, 914, 910]",398.87,317.84,True
254,84,Bundle_254_Rest_84,south_indian,"[922, 923, 928]",436.22,319.4,False
255,84,Bundle_255_Rest_84,south_indian,"[926, 928, 922]",426.05,311.95,False
256,84,Bundle_256_Rest_84,south_indian,"[922, 927, 926]",422.03,309.0,False
257,85,Bundle_257_Rest_85,italian,"[935, 938, 937]",340.31,217.23,False
258,85,Bundle_258_Rest_85,italian,"[932, 934, 937]",347.07,221.55,True
259,85,Bundle_259_Rest_85,italian,"[933, 936, 932]",416.73,266.01,True
260,86,Bundle_260_Rest_86,italian,"[944, 945, 949]",580.54,436.69,False
261,86,Bundle_261_Rest_86,italian,"[952, 943, 942]",381.66,287.08,False
262,87,Bundle_262_Rest_87,beverages,"[955, 956, 957]",288.41,186.47,False
263,87,Bundle_263_Rest_87,beverages,"[959, 954, 960]",460.9,298.0,False
264,87,Bundle_264_Rest_87,beverages,"[958, 953, 954]",368.04,237.96,False
265,88,Bundle_265_Rest_88,south_indian,"[967, 971, 968]",547.4,392.09,False
266,88,Bundle_266_Rest_88,south_indian,"[964, 970, 971]",603.82,432.51,False
267,89,Bundle_267_Rest_89,desserts,"[980, 973, 975]",351.67,274.65,False
268,89,Bundle_268_Rest_89,desserts,"[973, 978, 975]",373.97,292.07,False
269,90,Bundle_269_Rest_90,north_indian,"[988, 990, 984]",408.04,293.15,False
270,90,Bundle_270_Rest_90,north_indian,"[984, 988, 982]",394.25,283.24,False
271,90,Bundle_271_Rest_90,north_indian,"[985, 984, 986]",376.38,270.4,False
272,91,Bundle_272_Rest_91,mughlai,"[997, 992, 998]",541.4,403.98,False
273,91,Bundle_273_Rest_91,mughlai,"[999, 997, 993]",373.55,278.74,False
274,92,Bundle_274_Rest_92,desserts,"[1006, 1007, 1004]",294.0,210.99,False
275,92,Bundle_275_Rest_92,desserts,"[1006, 1010, 1012]",337.39,242.12,False
276,92,Bundle_276_Rest_92,desserts,"[1012, 1011, 1004]",323.06,231.83,False
277,93,Bundle_277_Rest_93,south_indian,"[1024, 1022, 1027]",332.62,267.45,False
278,93,Bundle_278_Rest_93,south_indian,"[1014, 1021, 1024]",308.37,247.96,True
279,93,Bundle_279_Rest_93,south_indian,"[1015, 1023, 1024]",516.93,415.66,True
280,93,Bundle_280_Rest_93,south_indian,"[1018, 1020, 1025]",389.78,313.41,False
281,94,Bundle_281_Rest_94,italian,"[1035, 1038, 1032]",499.39,369.61,False
282,94,Bundle_282_Rest_94,italian,"[1037, 1040, 1038]",310.14,229.53,False
283,95,Bundle_283_Rest_95,chinese,"[1042, 1053, 1045]",342.16,276.57,False
284,95,Bundle_284_Rest_95,chinese,"[1044, 1047, 1051]",437.97,354.01,False
285,95,Bundle_285_Rest_95,chinese,"[1051, 1047, 1048]",412.22,333.2,False
286,96,Bundle_286_Rest_96,mughlai,"[1060, 1054, 1057]",396.78,328.62,False
287,96,Bundle_287_Rest_96,mughlai,"[1056, 1060, 1058]",526.62,436.17,False
288,97,Bundle_288_Rest_97,beverages,"[1068, 1072, 1064]",518.36,337.9,False
289,97,Bundle_289_Rest_97,beverages,"[1071, 1074, 1062]",327.43,213.43,False
290,97,Bundle_290_Rest_97,beverages,"[1066, 1069, 1074]",376.15,245.2,True
291,98,Bundle_291_Rest_98,mughlai,"[1086, 1083, 1081]",373.77,293.99,False
292,98,Bundle_292_Rest_98,mughlai,"[1079, 1077, 1085]",326.18,256.56,True
293,99,Bundle_293_Rest_99,mughlai,"[1093, 1096, 1097]",379.55,256.79,False
294,99,Bundle_294_Rest_99,mughlai,"[1098, 1092, 1090]",361.09,244.29,True
295,99,Bundle_295_Rest_99,mughlai,"[1089, 1095, 1093]",382.6,258.86,True
296,100,Bundle_296_Rest_100,south_indian,"[1106, 1103, 1107]",352.66,263.8,False
297,100,Bundle_297_Rest_100,south_indian,"[1103, 1100, 1105]",435.63,325.87,False
298,100,Bundle_298_Rest_100,south_indian,"[1102, 1104, 1107]",356.47,266.65,True
299,101,Bundle_299_Rest_101,north_indian,"[1109, 1114, 1110]",404.49,317.66,False
300,101,Bundle_300_Rest_101,north_indian,"[1116, 1109, 1117]",352.16,276.56,False
301,101,Bundle_301_Rest_101,north_indian,"[1115, 1116, 1111]",434.19,340.99,False
302,101,Bundle_302_Rest_101,north_indian,"[1111, 1110, 1113]",453.97,356.52,False
303,102,Bundle_303_Rest_102,beverages,"[1126, 1130, 1120]",431.39,362.09,False
304,102,Bundle_304_Rest_102,beverages,"[1127, 1121, 1120]",403.47,338.66,False
305,102,Bundle_305_Rest_102,beverages,"[1130, 1125, 1123]",300.68,252.39,False
306,102,Bundle_306_Rest_102,beverages,"[1126, 1124, 1127]",364.7,306.11,True
307,103,Bundle_307_Rest_103,north_indian,"[1140, 1132, 1136]",414.29,292.71,False
308,103,Bundle_308_Rest_103,north_indian,"[1132, 1144, 1137]",384.17,271.43,False
309,104,Bundle_309_Rest_104,italian,"[1145, 1146, 1155]",417.27,341.91,True
310,104,Bundle_310_Rest_104,italian,"[1151, 1156, 1147]",391.76,321.01,False
311,105,Bundle_311_Rest_105,continental,"[1166, 1170, 1161]",290.55,243.22,True
312,105,Bundle_312_Rest_105,continental,"[1166, 1160, 1169]",471.86,394.99,True
313,105,Bundle_313_Rest_105,continental,"[1169, 1170, 1160]",348.32,291.58,True
314,105,Bundle_314_Rest_105,continental,"[1163, 1160, 1169]",440.46,368.71,True
315,106,Bundle_315_Rest_106,desserts,"[1181, 1180, 1178]",288.77,203.24,False
316,106,Bundle_316_Rest_106,desserts,"[1178, 1174, 1173]",301.05,211.87,False
317,106,Bundle_317_Rest_106,desserts,"[1180, 1177, 1175]",383.97,270.23,True
318,107,Bundle_318_Rest_107,desserts,"[1186, 1188, 1193]",312.54,210.21,True
319,107,Bundle_319_Rest_107,desserts,"[1191, 1183, 1187]",397.81,267.56,False
320,107,Bundle_320_Rest_107,desserts,"[1191, 1186, 1187]",397.85,267.59,False
321,108,Bundle_321_Rest_108,north_indian,"[1199, 1202, 1208]",326.88,236.25,False
322,108,Bundle_322_Rest_108,north_indian,"[1200, 1204, 1205]",306.99,221.89,False
323,108,Bundle_323_Rest_108,north_indian,"[1207, 1208, 1200]",364.56,263.49,False
324,109,Bundle_324_Rest_109,chinese,"[1209, 1212, 1211]",583.03,407.44,False
325,109,Bundle_325_Rest_109,chinese,"[1211, 1213, 1209]",468.54,327.43,False
326,110,Bundle_326_Rest_110,north_indian,"[1226, 1218, 1225]",455.16,333.88,False
327,110,Bundle_327_Rest_110,north_indian,"[1225, 1223, 1221]",400.01,293.42,True
328,110,Bundle_328_Rest_110,north_indian,"[1225, 1222, 1221]",369.63,271.13,True
329,111,Bundle_329_Rest_111,italian,"[1233, 1235, 1228]",439.94,316.91,True
330,111,Bundle_330_Rest_111,italian,"[1235, 1237, 1233]",302.15,217.65,True
331,112,Bundle_331_Rest_112,continental,"[1244, 1246, 1245]",502.27,398.17,False
332,112,Bundle_332_Rest_112,continental,"[1245, 1244, 1242]",555.99,440.75,False
333,112,Bundle_333_Rest_112,continental,"[1244, 1239, 1243]",519.42,411.77,False
334,112,Bundle_334_Rest_112,continental,"[1241, 1240, 1244]",602.0,477.22,False
335,113,Bundle_335_Rest_113,beverages,"[1253, 1255, 1251]",408.94,352.05,False
336,113,Bundle_336_Rest_113,beverages,"[1257, 1253, 1249]",334.35,287.84,False
337,114,Bundle_337_Rest_114,north_indian,"[1263, 1268, 1266]",325.94,250.28,True
338,114,Bundle_338_Rest_114,north_indian,"[1260, 1266, 1261]",376.41,289.04,True
339,115,Bundle_339_Rest_115,beverages,"[1277, 1275, 1278]",349.28,246.95,False
340,115,Bundle_340_Rest_115,beverages,"[1276, 1278, 1272]",313.38,221.57,False
341,115,Bundle_341_Rest_115,beverages,"[1274, 1275, 1273]",349.17,246.88,False
342,116,Bundle_342_Rest_116,continental,"[1279, 1285, 1286]",418.51,308.02,True
343,116,Bundle_343_Rest_116,continental,"[1282, 1285, 1281]",496.91,365.72,False
344,116,Bundle_344_Rest_116,continental,"[1282, 1287, 1279]",430.3,316.69,True
345,116,Bundle_345_Rest_116,continental,"[1282, 1285, 1283]",427.67,314.77,False
346,117,Bundle_346_Rest_117,beverages,"[1293, 1294, 1301]",414.91,348.54,False
347,117,Bundle_347_Rest_117,beverages,"[1291, 1300, 1301]",386.51,324.69,True
348,118,Bundle_348_Rest_118,mughlai,"[1308, 1311, 1309]",387.46,273.98,False
349,118,Bundle_349_Rest_118,mughlai,"[1307, 1308, 1311]",378.25,267.47,False
350,118,Bundle_350_Rest_118,mughlai,"[1312, 1305, 1304]",329.12,232.72,True
351,118,Bundle_351_Rest_118,mughlai,"[1307, 1310, 1308]",460.55,325.67,False
352,119,Bundle_352_Rest_119,continental,"[1323, 1322, 1324]",307.51,203.33,False
353,119,Bundle_353_Rest_119,continental,"[1323, 1326, 1316]",370.29,244.84,True
354,119,Bundle_354_Rest_119,continental,"[1318, 1321, 1319]",352.83,233.3,True
355,119,Bundle_355_Rest_119,continental,"[1321, 1320, 1324]",330.66,218.63,True
356,120,Bundle_356_Rest_120,chinese,"[1327, 1333, 1336]",422.65,282.19,False
357,120,Bundle_357_Rest_120,chinese,"[1329, 1331, 1328]",479.44,320.1,False
358,121,Bundle_358_Rest_121,italian,"[1339, 1343, 1337]",582.33,467.46,False
359,121,Bundle_359_Rest_121,italian,"[1345, 1342, 1338]",321.16,257.8,True
360,122,Bundle_360_Rest_122,chinese,"[1354, 1349, 1352]",593.1,497.59,False
361,122,Bundle_361_Rest_122,chinese,"[1355, 1353, 1351]",406.31,340.89,False
362,123,Bundle_362_Rest_123,continental,"[1360, 1362, 1363]",472.34,375.93,False
363,123,Bundle_363_Rest_123,continental,"[1356, 1357, 1360]",366.41,291.62,False
364,124,Bundle_364_Rest_124,beverages,"[1375, 1366, 1373]",442.23,349.97,True
365,124,Bundle_365_Rest_124,beverages,"[1372, 1373, 1370]",467.16,369.7,True
366,125,Bundle_366_Rest_125,north_indian,"[1381, 1382, 1379]",440.68,341.18,False
367,125,Bundle_367_Rest_125,north_indian,"[1386, 1381, 1379]",391.67,303.23,False
368,126,Bundle_368_Rest_126,chinese,"[1390, 1391, 1393]",431.88,371.08,False
369,126,Bundle_369_Rest_126,chinese,"[1391, 1393, 1398]",374.47,321.76,True
370,127,Bundle_370_Rest_127,south_indian,"[1401, 1403, 1408]",368.76,298.92,True
371,127,Bundle_371_Rest_127,south_indian,"[1404, 1411, 1409]",443.31,359.34,False
372,128,Bundle_372_Rest_128,north_indian,"[1421, 1416, 1414]",353.88,278.77,False
373,128,Bundle_373_Rest_128,north_indian,"[1421, 1418, 1423]",361.15,284.49,False
374,128,Bundle_374_Rest_128,north_indian,"[1418, 1414, 1413]",310.41,244.52,True
375,129,Bundle_375_Rest_129,south_indian,"[1434, 1424, 1429]",325.69,277.6,True
376,129,Bundle_376_Rest_129,south_indian,"[1427, 1433, 1432]",469.03,399.76,False
377,130,Bundle_377_Rest_130,continental,"[1444, 1443, 1438]",439.99,374.71,False
378,130,Bundle_378_Rest_130,continental,"[1440, 1443, 1437]",410.6,349.68,True
379,130,Bundle_379_Rest_130,continental,"[1437, 1439, 1444]",459.76,391.55,True
380,131,Bundle_380_Rest_131,mughlai,"[1452, 1454, 1449]",355.04,231.99,False
381,131,Bundle_381_Rest_131,mughlai,"[1447, 1449, 1448]",606.56,396.33,True
382,132,Bundle_382_Rest_132,desserts,"[1461, 1455, 1457]",329.93,244.1,True
383,132,Bundle_383_Rest_132,desserts,"[1462, 1461, 1457]",348.19,257.61,True
384,132,Bundle_384_Rest_132,desserts,"[1458, 1461, 1456]",441.54,326.68,False
385,133,Bundle_385_Rest_133,italian,"[1469, 1476, 1463]",536.61,363.64,False
386,133,Bundle_386_Rest_133,italian,"[1466, 1463, 1473]",329.4,223.23,False
387,133,Bundle_387_Rest_133,italian,"[1472, 1474, 1470]",497.56,337.19,False
388,134,Bundle_388_Rest_134,italian,"[1480, 1479, 1490]",391.86,291.36,False
389,134,Bundle_389_Rest_134,italian,"[1489, 1480, 1481]",419.42,311.85,False
390,134,Bundle_390_Rest_134,italian,"[1488, 1483, 1479]",366.59,272.57,True
391,134,Bundle_391_Rest_134,italian,"[1483, 1488, 1487]",438.46,326.01,True
392,135,Bundle_392_Rest_135,mughlai,"[1493, 1494, 1492]",314.54,212.98,False
393,135,Bundle_393_Rest_135,mughlai,"[1498, 1493, 1492]",332.05,224.84,False
394,135,Bundle_394_Rest_135,mughlai,"[1491, 1494, 1492]",359.67,243.54,False
395,136,Bundle_395_Rest_136,desserts,"[1511, 1510, 1509]",384.32,300.46,False
396,136,Bundle_396_Rest_136,desserts,"[1504, 1512, 1501]",466.36,364.58,False
397,136,Bundle_397_Rest_136,desserts,"[1506, 1502, 1510]",376.44,294.29,False
398,136,Bundle_398_Rest_136,desserts,"[1511, 1505, 1510]",562.98,440.13,False
399,137,Bundle_399_Rest_137,desserts,"[1513, 1523, 1515]",510.29,408.86,True
400,137,Bundle_400_Rest_137,desserts,"[1517, 1523, 1520]",312.2,250.14,False
401,138,Bundle_401_Rest_138,beverages,"[1530, 1533, 1535]",355.52,281.91,True
402,138,Bundle_402_Rest_138,beverages,"[1527, 1533, 1534]",434.21,344.31,False
403,138,Bundle_403_Rest_138,beverages,"[1528, 1532, 1534]",375.94,298.11,False
404,138,Bundle_404_Rest_138,beverages,"[1533, 1534, 1528]",351.02,278.35,False
405,139,Bundle_405_Rest_139,south_indian,"[1545, 1541, 1550]",290.6,233.55,False
406,139,Bundle_406_Rest_139,south_indian,"[1537, 1546, 1543]",391.84,314.91,True
407,139,Bundle_407_Rest_139,south_indian,"[1541, 1545, 1542]",299.82,240.96,False
408,140,Bundle_408_Rest_140,continental,"[1559, 1560, 1555]",346.78,228.25,True
409,140,Bundle_409_Rest_140,continental,"[1558, 1562, 1559]",302.97,199.41,True
410,140,Bundle_410_Rest_140,continental,"[1553, 1556, 1559]",370.66,243.97,True
411,140,Bundle_411_Rest_140,continental,"[1551, 1562, 1554]",433.0,284.99,False
412,141,Bundle_412_Rest_141,continental,"[1571, 1572, 1574]",376.41,269.05,False
413,141,Bundle_413_Rest_141,continental,"[1568, 1570, 1574]",430.89,308.0,False
414,141,Bundle_414_Rest_141,continental,"[1574, 1569, 1572]",232.56,166.22,False
415,142,Bundle_415_Rest_142,desserts,"[1581, 1583, 1580]",396.5,304.13,False
416,142,Bundle_416_Rest_142,desserts,"[1575, 1579, 1581]",323.29,247.97,True
417,143,Bundle_417_Rest_143,south_indian,"[1586, 1593, 1591]",507.05,412.33,True
418,143,Bundle_418_Rest_143,south_indian,"[1587, 1589, 1588]",386.26,314.11,False
419,143,Bundle_419_Rest_143,south_indian,"[1592, 1589, 1591]",516.7,420.19,False
420,144,Bundle_420_Rest_144,south_indian,"[1600, 1596, 1601]",369.6,293.36,False
421,144,Bundle_421_Rest_144,south_indian,"[1599, 1598, 1595]",346.22,274.82,False
422,144,Bundle_422_Rest_144,south_indian,"[1602, 1597, 1599]",437.29,347.11,False
423,144,Bundle_423_Rest_144,south_indian,"[1594, 1597, 1596]",412.86,327.71,False
424,145,Bundle_424_Rest_145,desserts,"[1613, 1605, 1603]",401.06,327.53,False
425,145,Bundle_425_Rest_145,desserts,"[1604, 1603, 1608]",399.21,326.02,False
426,146,Bundle_426_Rest_146,north_indian,"[1616, 1619, 1625]",402.47,322.84,False
427,146,Bundle_427_Rest_146,north_indian,"[1625, 1628, 1620]",526.27,422.15,True
428,146,Bundle_428_Rest_146,north_indian,"[1628, 1615, 1622]",518.02,415.52,False
429,146,Bundle_429_Rest_146,north_indian,"[1626, 1618, 1628]",459.99,368.97,False
430,147,Bundle_430_Rest_147,south_indian,"[1641, 1632, 1639]",329.56,228.89,False
431,147,Bundle_431_Rest_147,south_indian,"[1629, 1640, 1636]",375.56,260.84,False
432,147,Bundle_432_Rest_147,south_indian,"[1640, 1635, 1633]",336.87,233.98,False
433,148,Bundle_433_Rest_148,desserts,"[1647, 1653, 1648]",337.93,223.95,False
434,148,Bundle_434_Rest_148,desserts,"[1648, 1644, 1645]",284.36,188.46,False
435,149,Bundle_435_Rest_149,continental,"[1662, 1656, 1657]",364.22,237.86,False
436,149,Bundle_436_Rest_149,continental,"[1661, 1659, 1654]",386.12,252.16,False
437,150,Bundle_437_Rest_150,continental,"[1665, 1666, 1670]",421.49,349.75,True
438,150,Bundle_438_Rest_150,continental,"[1672, 1669, 1664]",397.96,330.24,True
439,151,Bundle_439_Rest_151,beverages,"[1675, 1683, 1682]",283.62,199.73,False
440,151,Bundle_440_Rest_151,beverages,"[1676, 1684, 1680]",317.0,223.23,False
441,152,Bundle_441_Rest_152,mughlai,"[1689, 1691, 1686]",383.96,274.42,False
442,152,Bundle_442_Rest_152,mughlai,"[1685, 1691, 1688]",349.53,249.82,False
443,153,Bundle_443_Rest_153,continental,"[1703, 1694, 1699]",368.55,295.32,False
444,153,Bundle_444_Rest_153,continental,"[1700, 1703, 1699]",387.88,310.8,False
445,153,Bundle_445_Rest_153,continental,"[1701, 1694, 1703]",277.25,222.15,False
446,153,Bundle_446_Rest_153,continental,"[1697, 1706, 1702]",531.37,425.79,True
447,154,Bundle_447_Rest_154,north_indian,"[1708, 1711, 1709]",368.02,252.88,False
448,154,Bundle_448_Rest_154,north_indian,"[1709, 1713, 1711]",318.66,218.96,False
449,154,Bundle_449_Rest_154,north_indian,"[1713, 1716, 1714]",335.88,230.8,False
450,155,Bundle_450_Rest_155,italian,"[1722, 1724, 1726]",358.65,305.94,True
451,155,Bundle_451_Rest_155,italian,"[1721, 1725, 1723]",376.18,320.9,True
452,155,Bundle_452_Rest_155,italian,"[1726, 1718, 1721]",457.82,390.54,True
453,156,Bundle_453_Rest_156,italian,"[1727, 1733, 1730]",246.22,171.01,False
454,156,Bundle_454_Rest_156,italian,"[1727, 1733, 1731]",238.15,165.4,False
455,156,Bundle_455_Rest_156,italian,"[1731, 1734, 1733]",300.5,208.71,False
456,156,Bundle_456_Rest_156,italian,"[1730, 1732, 1727]",339.24,235.61,False
457,157,Bundle_457_Rest_157,desserts,"[1735, 1737, 1742]",396.77,334.27,False
458,157,Bundle_458_Rest_157,desserts,"[1739, 1736, 1741]",403.97,340.33,False
459,157,Bundle_459_Rest_157,desserts,"[1737, 1735, 1738]",423.51,356.79,False
460,157,Bundle_460_Rest_157,desserts,"[1736, 1737, 1740]",523.76,441.26,False
461,158,Bundle_461_Rest_158,beverages,"[1752, 1748, 1751]",470.93,363.25,False
462,158,Bundle_462_Rest_158,beverages,"[1755, 1751, 1746]",425.12,327.91,False
463,158,Bundle_463_Rest_158,beverages,"[1746, 1749, 1757]",372.27,287.15,False
464,159,Bundle_464_Rest_159,desserts,"[1760, 1767, 1762]",253.04,212.83,False
465,159,Bundle_465_Rest_159,desserts,"[1768, 1761, 1758]",428.08,360.05,False
466,159,Bundle_466_Rest_159,desserts,"[1762, 1759, 1766]",288.17,242.38,False
467,159,Bundle_467_Rest_159,desserts,"[1759, 1764, 1758]",534.48,449.54,False
468,160,Bundle_468_Rest_160,north_indian,"[1770, 1778, 1777]",412.07,289.94,False
469,160,Bundle_469_Rest_160,north_indian,"[1779, 1776, 1774]",452.07,318.08,True
470,161,Bundle_470_Rest_161,desserts,"[1781, 1788, 1789]",302.81,214.4,True
471,161,Bundle_471_Rest_161,desserts,"[1784, 1789, 1783]",556.82,394.25,True
472,161,Bundle_472_Rest_161,desserts,"[1789, 1785, 1787]",222.14,157.28,True
473,162,Bundle_473_Rest_162,north_indian,"[1803, 1801, 1802]",367.38,248.51,False
474,162,Bundle_474_Rest_162,north_indian,"[1795, 1806, 1794]",409.77,277.19,False
475,162,Bundle_475_Rest_162,north_indian,"[1795, 1802, 1799]",365.58,247.29,False
476,162,Bundle_476_Rest_162,north_indian,"[1802, 1801, 1795]",284.54,192.48,False
477,163,Bundle_477_Rest_163,desserts,"[1808, 1812, 1811]",341.1,287.85,False
478,163,Bundle_478_Rest_163,desserts,"[1809, 1808, 1810]",234.55,197.94,False
479,164,Bundle_479_Rest_164,desserts,"[1826, 1824, 1823]",360.53,263.05,False
480,164,Bundle_480_Rest_164,desserts,"[1829, 1828, 1825]",354.68,258.78,False
481,165,Bundle_481_Rest_165,beverages,"[1837, 1831, 1839]",317.88,217.33,False
482,165,Bundle_482_Rest_165,beverages,"[1830, 1834, 1840]",337.45,230.71,False
483,165,Bundle_483_Rest_165,beverages,"[1833, 1835, 1840]",364.57,249.25,True
484,166,Bundle_484_Rest_166,north_indian,"[1841, 1843, 1842]",333.57,229.33,False
485,166,Bundle_485_Rest_166,north_indian,"[1842, 1848, 1841]",333.05,228.96,False
486,166,Bundle_486_Rest_166,north_indian,"[1844, 1845, 1846]",343.96,236.47,True
487,167,Bundle_487_Rest_167,south_indian,"[1860, 1861, 1855]",472.48,319.74,False
488,167,Bundle_488_Rest_167,south_indian,"[1857, 1853, 1859]",559.81,378.84,False
489,168,Bundle_489_Rest_168,desserts,"[1867, 1871, 1865]",352.48,245.89,False
490,168,Bundle_490_Rest_168,desserts,"[1864, 1869, 1871]",404.53,282.2,False
491,168,Bundle_491_Rest_168,desserts,"[1871, 1866, 1863]",332.34,231.83,False
492,169,Bundle_492_Rest_169,italian,"[1874, 1879, 1880]",517.7,431.71,True
493,169,Bundle_493_Rest_169,italian,"[1882, 1876, 1881]",546.34,455.59,True
494,170,Bundle_494_Rest_170,beverages,"[1894, 1890, 1884]",372.46,251.09,True
495,170,Bundle_495_Rest_170,beverages,"[1889, 1890, 1893]",353.45,238.28,False
496,171,Bundle_496_Rest_171,north_indian,"[1895, 1900, 1896]",425.35,327.0,True
497,171,Bundle_497_Rest_171,north_indian,"[1900, 1899, 1896]",461.55,354.83,False
498,171,Bundle_498_Rest_171,north_indian,"[1899, 1897, 1900]",395.71,304.22,True
499,171,Bundle_499_Rest_171,north_indian,"[1895, 1896, 1898]",410.77,315.78,True
500,172,Bundle_500_Rest_172,mughlai,"[1907, 1908, 1909]",443.27,349.02,True
501,172,Bundle_501_Rest_172,mughlai,"[1911, 1910, 1907]",342.17,269.41,False
502,173,Bundle_502_Rest_173,south_indian,"[1918, 1920, 1927]",311.01,243.32,False
503,173,Bundle_503_Rest_173,south_indian,"[1921, 1929, 1920]",309.83,242.4,False
504,173,Bundle_504_Rest_173,south_indian,"[1929, 1924, 1920]",315.59,246.9,False
505,173,Bundle_505_Rest_173,south_indian,"[1919, 1920, 1917]",326.67,255.57,False
506,174,Bundle_506_Rest_174,beverages,"[1937, 1932, 1931]",455.6,288.51,False
507,174,Bundle_507_Rest_174,beverages,"[1940, 1941, 1935]",355.79,225.31,False
508,174,Bundle_508_Rest_174,beverages,"[1941, 1938, 1931]",403.66,255.63,False
509,175,Bundle_509_Rest_175,beverages,"[1943, 1947, 1948]",364.69,239.59,False
510,175,Bundle_510_Rest_175,beverages,"[1947, 1945, 1943]",422.52,277.58,False
511,175,Bundle_511_Rest_175,beverages,"[1946, 1951, 1948]",535.27,351.66,True
512,175,Bundle_512_Rest_175,beverages,"[1947, 1945, 1949]",411.67,270.46,False
513,176,Bundle_513_Rest_176,italian,"[1957, 1954, 1958]",549.34,429.9,False
514,176,Bundle_514_Rest_176,italian,"[1955, 1954, 1960]",436.88,341.9,False
515,177,Bundle_515_Rest_177,desserts,"[1964, 1970, 1962]",466.41,359.33,False
516,177,Bundle_516_Rest_177,desserts,"[1961, 1969, 1971]",593.59,457.31,False
517,177,Bundle_517_Rest_177,desserts,"[1970, 1964, 1962]",466.41,359.33,False
518,177,Bundle_518_Rest_177,desserts,"[1971, 1968, 1970]",457.29,352.31,False
519,178,Bundle_519_Rest_178,beverages,"[1975, 1984, 1973]",302.78,198.91,False
520,178,Bundle_520_Rest_178,beverages,"[1978, 1973, 1979]",275.66,181.1,False
521,178,Bundle_521_Rest_178,beverages,"[1983, 1977, 1980]",418.22,274.76,False
522,178,Bundle_522_Rest_178,beverages,"[1984, 1973, 1974]",248.13,163.01,False
523,179,Bundle_523_Rest_179,north_indian,"[1994, 1993, 1990]",390.75,322.74,True
524,179,Bundle_524_Rest_179,north_indian,"[1987, 1990, 1985]",239.99,198.22,True
525,179,Bundle_525_Rest_179,north_indian,"[1991, 1996, 1987]",323.57,267.26,False
526,180,Bundle_526_Rest_180,chinese,"[2002, 2010, 2004]",528.36,363.46,True
527,180,Bundle_527_Rest_180,chinese,"[2007, 1997, 2004]",602.61,414.54,True
528,180,Bundle_528_Rest_180,chinese,"[2010, 2003, 1999]",430.97,296.46,False
529,180,Bundle_529_Rest_180,chinese,"[1997, 2000, 1998]",299.68,206.14,False
530,181,Bundle_530_Rest_181,mughlai,"[2016, 2011, 2019]",442.66,309.47,False
531,181,Bundle_531_Rest_181,mughlai,"[2017, 2011, 2016]",439.88,307.52,False
532,181,Bundle_532_Rest_181,mughlai,"[2012, 2013, 2021]",329.51,230.36,False
533,181,Bundle_533_Rest_181,mughlai,"[2018, 2011, 2021]",346.99,242.57,False
534,182,Bundle_534_Rest_182,desserts,"[2024, 2023, 2025]",526.78,368.64,False
535,182,Bundle_535_Rest_182,desserts,"[2027, 2032, 2022]",464.14,324.8,False
536,183,Bundle_536_Rest_183,mughlai,"[2036, 2045, 2046]",397.95,341.9,False
537,183,Bundle_537_Rest_183,mughlai,"[2040, 2042, 2034]",538.14,462.33,False
538,184,Bundle_538_Rest_184,beverages,"[2051, 2052, 2050]",343.47,216.95,False
539,184,Bundle_539_Rest_184,beverages,"[2049, 2055, 2052]",302.3,190.94,False
540,185,Bundle_540_Rest_185,north_indian,"[2064, 2059, 2062]",437.06,307.94,False
541,185,Bundle_541_Rest_185,north_indian,"[2064, 2060, 2061]",410.91,289.52,False
542,186,Bundle_542_Rest_186,north_indian,"[2066, 2076, 2071]",379.72,296.46,False
543,186,Bundle_543_Rest_186,north_indian,"[2072, 2067, 2069]",246.87,192.74,False
544,186,Bundle_544_Rest_186,north_indian,"[2068, 2076, 2071]",446.87,348.89,False
545,187,Bundle_545_Rest_187,italian,"[2078, 2081, 2082]",326.24,260.05,False
546,187,Bundle_546_Rest_187,italian,"[2077, 2078, 2079]",314.46,250.66,False
547,187,Bundle_547_Rest_187,italian,"[2084, 2083, 2086]",395.56,315.31,False
548,187,Bundle_548_Rest_187,italian,"[2080, 2083, 2084]",387.3,308.72,False
549,188,Bundle_549_Rest_188,north_indian,"[2093, 2094, 2089]",505.49,376.2,False
550,188,Bundle_550_Rest_188,north_indian,"[2089, 2095, 2094]",568.72,423.26,True
551,188,Bundle_551_Rest_188,north_indian,"[2089, 2091, 2094]",482.27,358.92,False
552,189,Bundle_552_Rest_189,north_indian,"[2102, 2106, 2100]",364.68,314.08,False
553,189,Bundle_553_Rest_189,north_indian,"[2104, 2099, 2106]",404.99,348.8,False
554,189,Bundle_554_Rest_189,north_indian,"[2104, 2105, 2102]",318.22,274.07,False
555,190,Bundle_555_Rest_190,south_indian,"[2114, 2108, 2115]",421.12,357.47,False
556,190,Bundle_556_Rest_190,south_indian,"[2110, 2120, 2119]",360.31,305.85,True
557,190,Bundle_557_Rest_190,south_indian,"[2110, 2109, 2113]",488.12,414.35,False
558,191,Bundle_558_Rest_191,north_indian,"[2125, 2121, 2124]",360.12,265.46,True
559,191,Bundle_559_Rest_191,north_indian,"[2124, 2131, 2132]",467.99,344.98,True
560,191,Bundle_560_Rest_191,north_indian,"[2133, 2134, 2123]",375.48,276.78,False
561,191,Bundle_561_Rest_191,north_indian,"[2123, 2126, 2127]",228.08,168.13,False
562,192,Bundle_562_Rest_192,beverages,"[2137, 2135, 2139]",224.05,157.69,False
563,192,Bundle_563_Rest_192,beverages,"[2137, 2142, 2135]",291.77,205.36,False
564,192,Bundle_564_Rest_192,beverages,"[2136, 2145, 2143]",450.77,317.27,False
565,193,Bundle_565_Rest_193,south_indian,"[2150, 2156, 2147]",359.54,262.03,True
566,193,Bundle_566_Rest_193,south_indian,"[2156, 2154, 2155]",300.71,219.16,True
567,193,Bundle_567_Rest_193,south_indian,"[2153, 2147, 2157]",277.06,201.92,False
568,193,Bundle_568_Rest_193,south_indian,"[2150, 2155, 2152]",376.52,274.41,True
569,194,Bundle_569_Rest_194,beverages,"[2161, 2165, 2158]",352.91,304.44,False
570,194,Bundle_570_Rest_194,beverages,"[2163, 2161, 2165]",428.5,369.65,False
571,194,Bundle_571_Rest_194,beverages,"[2162, 2163, 2164]",573.77,494.97,False
572,195,Bundle_572_Rest_195,south_indian,"[2178, 2168, 2177]",327.24,271.32,False
573,195,Bundle_573_Rest_195,south_indian,"[2175, 2178, 2169]",366.51,303.88,False
574,196,Bundle_574_Rest_196,beverages,"[2186, 2191, 2189]",374.14,265.93,False
575,196,Bundle_575_Rest_196,beverages,"[2189, 2187, 2186]",499.98,355.37,False
576,196,Bundle_576_Rest_196,beverages,"[2180, 2185, 2179]",382.35,271.76,False
577,196,Bundle_577_Rest_196,beverages,"[2192, 2184, 2186]",458.78,326.1,False
578,197,Bundle_578_Rest_197,italian,"[2204, 2202, 2196]",363.8,272.77,True
579,197,Bundle_579_Rest_197,italian,"[2204, 2206, 2202]",358.14,268.52,True
580,197,Bundle_580_Rest_197,italian,"[2196, 2206, 2194]",288.97,216.67,True
581,197,Bundle_581_Rest_197,italian,"[2199, 2198, 2195]",473.43,354.98,False
582,198,Bundle_582_Rest_198,north_indian,"[2218, 2212, 2215]",450.79,385.68,False
583,198,Bundle_583_Rest_198,north_indian,"[2215, 2214, 2208]",447.0,382.44,False
584,198,Bundle_584_Rest_198,north_indian,"[2209, 2211, 2217]",433.43,370.84,False
585,198,Bundle_585_Rest_198,north_indian,"[2214, 2219, 2207]",566.08,484.32,False
586,199,Bundle_586_Rest_199,chinese,"[2227, 2228, 2221]",321.5,277.11,False
587,199,Bundle_587_Rest_199,chinese,"[2222, 2223, 2224]",402.75,347.16,True
588,199,Bundle_588_Rest_199,chinese,"[2227, 2225, 2223]",334.13,288.01,True
589,199,Bundle_589_Rest_199,chinese,"[2225, 2228, 2222]",395.45,340.85,True
