item_id,restaurant_id,cuisine,price,cost,is_new,category
0,0,chinese,151.91,100.53,False,side
1,0,chinese,203.66,134.77,False,side
2,0,chinese,146.41,96.88,False,side
3,0,chinese,106.87,70.72,False,dessert
4,0,chinese,174.16,115.25,False,side
5,0,chinese,177.89,117.72,False,beverage
6,0,chinese,130.64,86.45,True,main
7,0,chinese,87.41,57.85,True,dessert
8,0,chinese,88.21,58.37,False,main
9,0,chinese,149.53,98.95,False,side
10,0,chinese,72.15,47.75,False,beverage
11,0,chinese,166.67,110.3,False,side
12,0,chinese,200.32,132.56,True,dessert
13,0,chinese,144.85,95.85,False,beverage
14,1,north_indian,163.7,117.27,False,side
15,1,north_indian,184.66,132.29,False,beverage
16,1,north_indian,121.64,87.14,False,main
17,1,north_indian,179.07,128.29,False,dessert
18,1,north_indian,144.21,103.32,False,main
19,1,north_indian,151.71,108.69,False,dessert
20,1,north_indian,116.82,83.69,False,dessert
21,1,north_indian,244.98,175.5,False,dessert
22,1,north_indian,189.21,135.55,False,main
23,2,north_indian,155.53,105.04,False,dessert
24,2,north_indian,252.64,170.63,True,main
25,2,north_indian,117.08,79.07,False,side
26,2,north_indian,190.78,128.85,False,beverage
27,2,north_indian,132.32,89.37,True,beverage
28,2,north_indian,191.0,129.0,False,side
29,2,north_indian,222.3,150.14,False,dessert
30,2,north_indian,171.82,116.04,False,beverage
31,2,north_indian,255.31,172.43,False,beverage
32,2,north_indian,163.77,110.61,False,main
33,2,north_indian,132.25,89.32,False,main
34,3,chinese,177.42,113.53,False,main
35,3,chinese,135.72,86.85,False,main
36,3,chinese,208.23,133.25,False,main
37,3,chinese,140.44,89.87,False,beverage
38,3,chinese,101.51,64.96,False,dessert
39,3,chinese,84.25,53.91,False,main
40,3,chinese,123.21,78.85,False,main
41,3,chinese,89.96,57.57,False,dessert
42,4,north_indian,141.79,112.19,True,beverage
43,4,north_indian,104.5,82.69,True,side
44,4,north_indian,112.37,88.91,False,dessert
45,4,north_indian,75.87,60.04,False,dessert
46,4,north_indian,75.97,60.11,False,dessert
47,4,north_indian,102.68,81.25,True,dessert
48,4,north_indian,81.06,64.14,False,side
49,4,north_indian,73.57,58.22,False,side
50,4,north_indian,221.23,175.05,True,side
51,4,north_indian,212.0,167.75,False,main
52,4,north_indian,108.05,85.5,False,beverage
53,5,north_indian,191.91,137.07,False,dessert
54,5,north_indian,260.97,186.4,False,side
55,5,north_indian,193.75,138.39,False,beverage
56,5,north_indian,135.81,97.01,False,side
57,5,north_indian,142.38,101.7,False,side
58,5,north_indian,65.07,46.48,False,dessert
59,5,north_indian,83.93,59.95,False,main
60,5,north_indian,201.76,144.11,False,dessert
61,5,north_indian,143.09,102.2,False,dessert
62,5,north_indian,203.27,145.19,False,main
63,6,desserts,144.98,89.52,True,side
64,6,desserts,79.44,49.05,False,beverage
65,6,desserts,226.18,139.66,False,dessert
66,6,desserts,117.18,72.35,False,beverage
67,6,desserts,256.48,158.37,False,beverage
68,6,desserts,176.35,108.89,False,beverage
69,6,desserts,177.38,109.52,False,beverage
70,6,desserts,77.78,48.02,True,side
71,6,desserts,145.3,89.72,False,main
72,6,desserts,145.25,89.69,False,main
73,6,desserts,111.8,69.03,False,side
74,6,desserts,244.98,151.26,False,beverage
75,6,desserts,145.9,90.08,False,side
76,6,desserts,84.66,52.27,False,beverage
77,7,italian,175.31,117.77,False,side
78,7,italian,121.81,81.83,False,main
79,7,italian,165.56,111.22,False,beverage
80,7,italian,105.99,71.2,False,main
81,7,italian,105.77,71.05,False,dessert
82,7,italian,184.01,123.61,False,main
83,7,italian,219.85,147.69,False,side
84,7,italian,161.82,108.71,False,beverage
85,7,italian,165.27,111.02,False,dessert
86,7,italian,146.56,98.46,False,dessert
87,7,italian,161.43,108.44,True,main
88,7,italian,169.96,114.18,False,side
89,8,italian,176.87,126.32,False,main
90,8,italian,185.45,132.45,False,beverage
91,8,italian,129.04,92.16,True,beverage
92,8,italian,108.67,77.61,False,dessert
93,8,italian,137.14,97.94,False,dessert
94,8,italian,191.52,136.78,False,side
95,8,italian,136.64,97.59,True,main
96,8,italian,77.27,55.18,False,side
97,8,italian,119.93,85.65,False,dessert
98,8,italian,139.15,99.38,False,beverage
99,8,italian,122.86,87.75,False,side
100,8,italian,162.0,115.7,False,dessert
101,8,italian,213.22,152.28,False,side
102,8,italian,91.29,65.2,False,side
103,9,mughlai,126.42,80.05,False,dessert
104,9,mughlai,130.43,82.59,False,beverage
105,9,mughlai,230.06,145.67,False,dessert
106,9,mughlai,99.61,63.07,False,beverage
107,9,mughlai,137.27,86.92,False,side
108,9,mughlai,119.84,75.88,False,beverage
109,9,mughlai,273.64,173.27,False,dessert
110,9,mughlai,112.7,71.36,False,side
111,9,mughlai,90.31,57.18,False,side
112,9,mughlai,138.49,87.69,False,main
113,10,chinese,110.37,84.06,False,main
114,10,chinese,136.98,104.32,False,main
115,10,chinese,103.11,78.53,False,dessert
116,10,chinese,105.32,80.21,False,main
117,10,chinese,129.86,98.9,True,main
118,10,chinese,181.64,138.33,True,beverage
119,10,chinese,74.45,56.7,False,main
120,10,chinese,272.05,207.19,False,dessert
121,11,mughlai,194.44,137.34,False,beverage
122,11,mughlai,166.33,117.48,False,side
123,11,mughlai,102.57,72.45,False,dessert
124,11,mughlai,147.63,104.27,False,beverage
125,11,mughlai,63.66,44.97,False,main
126,11,mughlai,174.82,123.48,False,dessert
127,11,mughlai,57.36,40.52,True,main
128,11,mughlai,131.83,93.12,False,dessert
129,11,mughlai,86.12,60.83,False,dessert
130,11,mughlai,164.27,116.03,True,dessert
131,11,mughlai,111.19,78.54,True,beverage
132,11,mughlai,111.85,79.01,False,main
133,11,mughlai,72.06,50.9,True,dessert
134,12,chinese,199.03,148.02,False,dessert
135,12,chinese,121.62,90.45,True,dessert
136,12,chinese,281.99,209.73,False,main
137,12,chinese,297.62,221.35,False,beverage
138,12,chinese,201.21,149.65,False,dessert
139,12,chinese,96.1,71.48,True,dessert
140,12,chinese,112.54,83.7,False,dessert
141,12,chinese,214.69,159.67,False,side
142,12,chinese,162.52,120.87,False,dessert
143,12,chinese,120.31,89.48,False,side
144,12,chinese,127.64,94.93,False,side
145,12,chinese,207.29,154.17,False,dessert
146,12,chinese,277.21,206.17,False,main
147,12,chinese,130.0,96.69,False,beverage
148,13,continental,99.02,74.95,False,side
149,13,continental,154.53,116.97,False,beverage
150,13,continental,115.56,87.47,True,side
151,13,continental,105.45,79.82,False,dessert
152,13,continental,113.18,85.67,True,dessert
153,13,continental,160.03,121.13,False,dessert
154,13,continental,207.47,157.04,False,main
155,13,continental,118.29,89.54,False,dessert
156,13,continental,120.38,91.12,False,main
157,13,continental,84.08,63.65,False,main
158,14,north_indian,184.29,115.27,False,main
159,14,north_indian,83.73,52.37,False,beverage
160,14,north_indian,108.95,68.14,False,side
161,14,north_indian,146.21,91.45,False,side
162,14,north_indian,107.17,67.03,False,beverage
163,14,north_indian,97.87,61.21,False,side
164,14,north_indian,112.0,70.05,True,main
165,14,north_indian,191.56,119.82,False,beverage
166,14,north_indian,152.38,95.31,False,dessert
167,14,north_indian,120.19,75.18,False,main
168,14,north_indian,106.16,66.4,False,side
169,14,north_indian,191.97,120.07,False,side
170,14,north_indian,153.59,96.07,False,beverage
171,14,north_indian,220.53,137.93,False,dessert
172,15,north_indian,244.14,180.39,False,main
173,15,north_indian,146.37,108.15,False,beverage
174,15,north_indian,273.75,202.27,False,side
175,15,north_indian,209.04,154.46,False,side
176,15,north_indian,206.01,152.22,False,beverage
177,15,north_indian,139.79,103.29,False,beverage
178,15,north_indian,129.88,95.97,False,side
179,15,north_indian,192.44,142.19,False,side
180,16,mughlai,170.9,125.88,False,beverage
181,16,mughlai,154.18,113.56,False,beverage
182,16,mughlai,97.49,71.81,False,side
183,16,mughlai,313.31,230.77,False,beverage
184,16,mughlai,127.28,93.75,False,main
185,16,mughlai,85.16,62.73,False,dessert
186,16,mughlai,172.54,127.08,False,main
187,16,mughlai,61.24,45.11,False,dessert
188,17,continental,260.36,172.92,False,dessert
189,17,continental,113.41,75.33,False,main
190,17,continental,110.86,73.63,False,beverage
191,17,continental,147.67,98.08,False,side
192,17,continental,73.19,48.61,False,beverage
193,17,continental,135.76,90.17,False,dessert
194,17,continental,210.99,140.14,False,main
195,17,continental,141.31,93.86,True,side
196,17,continental,116.34,77.27,False,side
197,17,continental,155.27,103.13,False,beverage
198,17,continental,164.66,109.36,False,dessert
199,17,continental,130.63,86.76,False,side
200,17,continental,143.86,95.55,True,side
201,18,mughlai,73.74,47.03,False,side
202,18,mughlai,290.71,185.39,False,side
203,18,mughlai,141.33,90.13,False,beverage
204,18,mughlai,99.83,63.66,True,main
205,18,mughlai,78.45,50.03,False,main
206,18,mughlai,160.27,102.2,False,beverage
207,18,mughlai,158.34,100.97,False,main
208,18,mughlai,116.11,74.05,False,main
209,18,mughlai,131.63,83.94,False,beverage
210,18,mughlai,80.06,51.06,False,beverage
211,18,mughlai,133.16,84.92,False,main
212,18,mughlai,160.7,102.48,False,side
213,19,north_indian,102.31,62.06,True,beverage
214,19,north_indian,63.05,38.25,False,dessert
215,19,north_indian,154.26,93.58,True,dessert
216,19,north_indian,188.75,114.5,False,beverage
217,19,north_indian,192.34,116.68,False,side
218,19,north_indian,285.88,173.42,False,dessert
219,19,north_indian,100.3,60.85,False,dessert
220,19,north_indian,154.97,94.01,False,main
221,19,north_indian,117.46,71.25,False,side
222,19,north_indian,90.8,55.08,False,side
223,19,north_indian,278.27,168.8,False,beverage
224,20,chinese,112.16,72.16,False,beverage
225,20,chinese,112.34,72.27,False,dessert
226,20,chinese,122.25,78.65,False,side
227,20,chinese,80.96,52.09,True,beverage
228,20,chinese,56.82,36.55,False,dessert
229,20,chinese,120.9,77.78,False,side
230,20,chinese,88.17,56.72,False,side
231,20,chinese,88.68,57.06,True,beverage
232,20,chinese,166.9,107.38,True,beverage
233,20,chinese,111.69,71.85,True,beverage
234,20,chinese,121.38,78.09,True,main
235,20,chinese,198.4,127.64,False,dessert
236,20,chinese,93.1,59.9,False,side
237,20,chinese,153.37,98.67,False,side
238,21,continental,144.03,88.4,False,dessert
239,21,continental,99.33,60.96,False,main
240,21,continental,132.81,81.51,False,dessert
241,21,continental,81.08,49.76,False,side
242,21,continental,108.51,66.6,False,dessert
243,21,continental,126.72,77.77,False,side
244,21,continental,112.51,69.06,False,beverage
245,21,continental,62.81,38.55,False,side
246,21,continental,199.2,122.26,False,dessert
247,21,continental,135.76,83.32,True,main
248,21,continental,184.25,113.08,True,side
249,21,continental,155.45,95.41,False,main
250,21,continental,210.8,129.38,False,dessert
251,22,south_indian,170.57,105.01,False,beverage
252,22,south_indian,90.16,55.51,False,dessert
253,22,south_indian,145.7,89.7,False,beverage
254,22,south_indian,120.57,74.23,False,dessert
255,22,south_indian,183.52,112.99,False,beverage
256,22,south_indian,180.08,110.86,False,dessert
257,22,south_indian,205.07,126.25,False,side
258,22,south_indian,151.28,93.13,False,beverage
259,22,south_indian,85.56,52.67,True,beverage
260,22,south_indian,126.83,78.08,False,beverage
261,22,south_indian,136.54,84.06,False,beverage
262,23,mughlai,166.23,118.84,False,dessert
263,23,mughlai,115.51,82.58,False,dessert
264,23,mughlai,57.43,41.06,False,main
265,23,mughlai,128.95,92.18,True,side
266,23,mughlai,151.0,107.94,False,side
267,23,mughlai,274.66,196.35,True,main
268,23,mughlai,129.22,92.38,False,dessert
269,23,mughlai,211.71,151.35,False,dessert
270,23,mughlai,191.33,136.78,False,side
271,24,italian,72.91,45.68,False,main
272,24,italian,99.12,62.09,False,main
273,24,italian,77.04,48.26,False,dessert
274,24,italian,175.72,110.08,False,beverage
275,24,italian,174.73,109.46,False,dessert
276,24,italian,100.98,63.26,False,side
277,24,italian,141.51,88.65,False,side
278,24,italian,115.59,72.41,False,dessert
279,25,beverages,165.59,126.31,False,side
280,25,beverages,130.62,99.64,False,main
281,25,beverages,59.52,45.4,False,side
282,25,beverages,220.58,168.26,True,beverage
283,25,beverages,113.27,86.4,False,side
284,25,beverages,92.16,70.3,False,dessert
285,25,beverages,243.21,185.52,False,main
286,25,beverages,202.05,154.13,False,side
287,25,beverages,144.21,110.0,False,side
288,25,beverages,152.65,116.45,False,main
289,25,beverages,125.22,95.52,False,main
290,25,beverages,145.85,111.25,True,dessert
291,25,beverages,144.57,110.28,False,side
292,26,chinese,184.15,134.48,False,main
293,26,chinese,146.19,106.77,False,beverage
294,26,chinese,183.84,134.26,False,beverage
295,26,chinese,171.89,125.54,False,main
296,26,chinese,153.61,112.19,False,beverage
297,26,chinese,117.94,86.14,True,side
298,26,chinese,104.87,76.59,False,main
299,26,chinese,151.26,110.46,True,beverage
300,26,chinese,113.4,82.82,False,side
301,26,chinese,254.49,185.86,False,dessert
302,26,chinese,143.86,105.06,True,side
303,27,beverages,88.14,59.66,False,main
304,27,beverages,194.38,131.58,False,dessert
305,27,beverages,161.94,109.62,False,side
306,27,beverages,131.86,89.26,False,main
307,27,beverages,160.28,108.5,False,main
308,27,beverages,135.8,91.93,False,beverage
309,27,beverages,123.57,83.65,False,dessert
310,27,beverages,172.76,116.94,False,dessert
311,27,beverages,170.26,115.25,False,beverage
312,27,beverages,150.78,102.07,False,dessert
313,28,chinese,189.5,150.3,True,dessert
314,28,chinese,185.45,147.08,False,side
315,28,chinese,156.01,123.73,False,side
316,28,chinese,123.37,97.85,False,side
317,28,chinese,110.28,87.47,False,main
318,28,chinese,197.37,156.54,False,side
319,28,chinese,96.31,76.39,False,side
320,28,chinese,81.1,64.32,False,side
321,29,italian,135.44,97.86,False,side
322,29,italian,113.92,82.31,False,dessert
323,29,italian,196.42,141.92,False,beverage
324,29,italian,232.02,167.65,False,dessert
325,29,italian,148.53,107.32,False,beverage
326,29,italian,111.87,80.83,False,main
327,29,italian,109.07,78.81,False,main
328,29,italian,164.47,118.84,False,beverage
329,29,italian,119.76,86.53,False,beverage
330,29,italian,80.51,58.17,False,side
331,29,italian,131.17,94.78,False,dessert
332,29,italian,134.34,97.07,False,main
333,30,north_indian,137.67,90.56,True,side
334,30,north_indian,96.22,63.3,False,dessert
335,30,north_indian,116.51,76.65,False,beverage
336,30,north_indian,161.03,105.93,False,main
337,30,north_indian,167.48,110.17,True,main
338,30,north_indian,124.01,81.58,False,beverage
339,30,north_indian,108.88,71.62,False,beverage
340,30,north_indian,190.25,125.16,False,dessert
341,30,north_indian,158.81,104.48,False,main
342,30,north_indian,167.74,110.35,False,dessert
343,30,north_indian,127.33,83.76,False,side
344,30,north_indian,136.89,90.05,False,beverage
345,30,north_indian,152.88,100.57,False,main
346,31,beverages,96.76,61.26,False,side
347,31,beverages,103.74,65.68,False,beverage
348,31,beverages,120.7,76.42,True,dessert
349,31,beverages,104.1,65.91,False,side
350,31,beverages,157.06,99.44,False,dessert
351,31,beverages,90.21,57.12,False,dessert
352,31,beverages,302.87,191.76,True,side
353,31,beverages,170.81,108.15,False,main
354,31,beverages,252.11,159.62,False,main
355,31,beverages,150.04,94.99,True,main
356,32,continental,173.04,125.14,False,main
357,32,continental,113.36,81.98,False,side
358,32,continental,119.97,86.76,False,main
359,32,continental,189.33,136.93,False,main
360,32,continental,182.74,132.16,False,main
361,32,continental,121.59,87.93,False,dessert
362,32,continental,174.11,125.92,False,beverage
363,32,continental,155.94,112.77,False,dessert
364,32,continental,205.0,148.26,False,side
365,32,continental,180.19,130.31,False,dessert
366,32,continental,155.48,112.45,False,beverage
367,33,italian,207.48,151.59,False,side
368,33,italian,150.27,109.79,False,side
369,33,italian,147.24,107.58,False,main
370,33,italian,156.43,114.29,False,main
371,33,italian,91.53,66.88,False,side
372,33,italian,78.35,57.25,False,dessert
373,33,italian,84.63,61.83,False,dessert
374,33,italian,181.61,132.69,False,beverage
375,33,italian,111.61,81.55,False,dessert
376,33,italian,165.8,121.14,False,dessert
377,33,italian,121.67,88.9,False,dessert
378,33,italian,125.98,92.05,False,dessert
379,33,italian,107.75,78.73,False,dessert
380,33,italian,159.62,116.62,False,beverage
381,34,mughlai,225.11,154.98,False,side
382,34,mughlai,132.66,91.33,False,dessert
383,34,mughlai,98.5,67.81,False,main
384,34,mughlai,97.56,67.16,False,dessert
385,34,mughlai,133.8,92.12,False,side
386,34,mughlai,123.87,85.28,False,main
387,34,mughlai,102.44,70.52,False,main
388,34,mughlai,60.08,41.36,False,main
389,34,mughlai,114.98,79.16,False,main
390,34,mughlai,144.55,99.52,True,beverage
391,34,mughlai,168.7,116.14,True,side
392,35,mughlai,215.02,160.7,True,beverage
393,35,mughlai,148.22,110.78,False,beverage
394,35,mughlai,149.77,111.93,False,side
395,35,mughlai,103.62,77.44,False,main
396,35,mughlai,102.2,76.38,False,dessert
397,35,mughlai,90.91,67.94,False,beverage
398,35,mughlai,127.3,95.14,False,main
399,35,mughlai,176.78,132.12,True,beverage
400,35,mughlai,55.47,41.46,True,main
401,36,north_indian,132.39,92.19,False,side
402,36,north_indian,81.47,56.73,False,dessert
403,36,north_indian,170.92,119.02,False,side
404,36,north_indian,73.94,51.48,True,main
405,36,north_indian,107.99,75.19,False,dessert
406,36,north_indian,72.96,50.8,False,dessert
407,36,north_indian,115.95,80.74,False,side
408,36,north_indian,103.25,71.89,False,dessert
409,37,desserts,132.18,96.78,False,beverage
410,37,desserts,307.98,225.5,False,dessert
411,37,desserts,100.33,73.46,False,main
412,37,desserts,180.04,131.82,False,dessert
413,37,desserts,114.55,83.87,False,dessert
414,37,desserts,222.61,162.99,True,dessert
415,37,desserts,128.99,94.44,False,beverage
416,37,desserts,87.04,63.73,False,dessert
417,37,desserts,104.86,76.78,False,main
418,37,desserts,192.44,140.9,False,side
419,37,desserts,174.3,127.62,False,main
420,37,desserts,115.1,84.27,False,beverage
421,37,desserts,115.42,84.51,False,beverage
422,37,desserts,245.8,179.96,False,dessert
423,38,desserts,120.56,87.73,False,main
424,38,desserts,135.23,98.41,True,main
425,38,desserts,121.19,88.2,False,side
426,38,desserts,117.43,85.45,False,main
427,38,desserts,123.4,89.8,False,beverage
428,38,desserts,100.52,73.15,False,beverage
429,38,desserts,116.07,84.47,False,dessert
430,38,desserts,205.28,149.38,False,main
431,38,desserts,108.5,78.96,False,dessert
432,38,desserts,116.96,85.11,False,main
433,38,desserts,181.09,131.78,False,side
434,38,desserts,68.81,50.08,True,side
435,38,desserts,80.08,58.27,False,dessert
436,38,desserts,167.29,121.74,False,side
437,39,south_indian,135.87,96.72,False,dessert
438,39,south_indian,135.03,96.13,False,main
439,39,south_indian,199.82,142.26,False,side
440,39,south_indian,134.66,95.87,True,beverage
441,39,south_indian,108.9,77.52,False,dessert
442,39,south_indian,256.29,182.46,False,dessert
443,39,south_indian,102.3,72.83,True,side
444,39,south_indian,116.56,82.98,False,beverage
445,39,south_indian,224.48,159.81,False,dessert
446,39,south_indian,227.14,161.7,False,dessert
447,39,south_indian,102.84,73.21,False,dessert
448,39,south_indian,117.6,83.72,False,dessert
449,39,south_indian,124.63,88.72,False,main
450,39,south_indian,250.23,178.14,False,main
451,40,north_indian,93.54,76.5,False,side
452,40,north_indian,318.21,260.25,False,beverage
453,40,north_indian,214.44,175.38,False,main
454,40,north_indian,127.9,104.6,False,side
455,40,north_indian,147.4,120.55,False,main
456,40,north_indian,181.19,148.19,False,side
457,40,north_indian,227.11,185.75,False,main
458,40,north_indian,172.58,141.15,False,side
459,40,north_indian,85.13,69.63,False,beverage
460,40,north_indian,126.76,103.67,False,side
461,40,north_indian,286.73,234.51,False,side
462,40,north_indian,101.23,82.79,True,main
463,40,north_indian,74.55,60.97,False,dessert
464,40,north_indian,142.24,116.33,False,side
465,41,desserts,116.21,81.74,False,side
466,41,desserts,75.46,53.07,True,beverage
467,41,desserts,143.63,101.02,False,beverage
468,41,desserts,197.17,138.67,True,beverage
469,41,desserts,205.96,144.86,False,dessert
470,41,desserts,167.88,118.07,False,beverage
471,41,desserts,101.71,71.53,False,side
472,41,desserts,93.07,65.46,False,side
473,41,desserts,127.51,89.68,False,side
474,42,chinese,154.13,96.29,False,dessert
475,42,chinese,131.66,82.25,True,main
476,42,chinese,165.9,103.64,False,main
477,42,chinese,159.82,99.84,False,main
478,42,chinese,35.71,22.31,False,main
479,42,chinese,100.38,62.71,False,main
480,42,chinese,185.24,115.72,False,side
481,42,chinese,135.09,84.39,False,dessert
482,43,mughlai,152.0,123.78,False,main
483,43,mughlai,170.77,139.06,False,beverage
484,43,mughlai,113.38,92.33,False,dessert
485,43,mughlai,90.47,73.67,False,dessert
486,43,mughlai,106.73,86.91,True,main
487,43,mughlai,208.62,169.88,False,beverage
488,43,mughlai,38.83,31.62,False,beverage
489,43,mughlai,121.29,98.77,True,main
490,43,mughlai,117.24,95.47,False,beverage
491,43,mughlai,107.4,87.46,False,main
492,43,mughlai,230.13,187.4,False,beverage
493,43,mughlai,100.23,81.62,False,dessert
494,43,mughlai,112.59,91.68,False,side
495,44,north_indian,90.77,65.32,True,dessert
496,44,north_indian,297.15,213.83,True,beverage
497,44,north_indian,157.34,113.22,False,main
498,44,north_indian,104.33,75.07,True,beverage
499,44,north_indian,104.46,75.17,False,side
500,44,north_indian,119.67,86.11,False,main
501,44,north_indian,139.74,100.56,False,main
502,44,north_indian,57.71,41.53,False,dessert
503,44,north_indian,83.33,59.96,False,beverage
504,44,north_indian,104.38,75.11,False,beverage
505,44,north_indian,100.73,72.48,False,main
506,44,north_indian,110.81,79.74,True,dessert
507,44,north_indian,73.71,53.04,False,dessert
508,44,north_indian,114.64,82.49,False,main
509,45,south_indian,129.89,98.58,False,main
510,45,south_indian,113.04,85.79,False,main
511,45,south_indian,173.97,132.03,False,side
512,45,south_indian,148.0,112.33,False,main
513,45,south_indian,91.81,69.68,False,dessert
514,45,south_indian,83.49,63.37,False,dessert
515,45,south_indian,102.38,77.7,False,main
516,45,south_indian,167.21,126.91,False,main
517,45,south_indian,78.18,59.34,False,main
518,45,south_indian,276.17,209.6,False,main
519,45,south_indian,180.4,136.91,False,beverage
520,45,south_indian,123.42,93.67,False,dessert
521,45,south_indian,96.31,73.1,False,main
522,46,desserts,151.58,118.33,False,side
523,46,desserts,70.01,54.66,True,dessert
524,46,desserts,219.18,171.1,False,main
525,46,desserts,206.72,161.37,False,beverage
526,46,desserts,83.06,64.84,False,beverage
527,46,desserts,106.69,83.29,True,side
528,46,desserts,201.6,157.37,False,dessert
529,46,desserts,200.6,156.6,False,side
530,46,desserts,272.28,212.55,False,dessert
531,47,continental,129.6,102.65,False,dessert
532,47,continental,106.67,84.49,True,beverage
533,47,continental,105.15,83.28,False,side
534,47,continental,175.52,139.03,False,side
535,47,continental,178.92,141.71,False,beverage
536,47,continental,125.21,99.17,False,beverage
537,47,continental,162.58,128.77,False,dessert
538,47,continental,140.44,111.24,False,dessert
539,47,continental,126.78,100.42,False,beverage
540,47,continental,92.32,73.12,False,dessert
541,48,beverages,141.85,98.75,False,beverage
542,48,beverages,111.52,77.64,True,side
543,48,beverages,89.35,62.21,False,beverage
544,48,beverages,77.27,53.79,False,side
545,48,beverages,132.1,91.97,False,beverage
546,48,beverages,231.81,161.38,False,main
547,48,beverages,82.77,57.62,True,side
548,48,beverages,135.15,94.09,False,main
549,48,beverages,165.56,115.26,False,main
550,48,beverages,130.26,90.68,False,dessert
551,49,desserts,107.89,76.27,False,dessert
552,49,desserts,132.21,93.45,False,side
553,49,desserts,140.79,99.52,False,side
554,49,desserts,164.5,116.28,False,dessert
555,49,desserts,70.03,49.5,False,side
556,49,desserts,188.68,133.37,False,beverage
557,49,desserts,116.65,82.46,True,side
558,49,desserts,202.57,143.19,False,beverage
559,49,desserts,147.04,103.94,False,dessert
560,50,beverages,224.57,182.01,False,beverage
561,50,beverages,162.56,131.75,False,main
562,50,beverages,92.47,74.94,False,beverage
563,50,beverages,150.54,122.01,False,beverage
564,50,beverages,78.42,63.56,False,dessert
565,50,beverages,57.55,46.64,False,side
566,50,beverages,172.78,140.03,False,beverage
567,50,beverages,123.72,100.27,False,dessert
568,50,beverages,218.21,176.85,True,main
569,50,beverages,125.51,101.72,False,side
570,50,beverages,105.23,85.28,True,dessert
571,51,mughlai,89.97,67.28,False,beverage
572,51,mughlai,139.4,104.25,False,main
573,51,mughlai,130.74,97.77,False,side
574,51,mughlai,100.74,75.34,False,main
575,51,mughlai,137.45,102.78,False,main
576,51,mughlai,198.92,148.75,False,main
577,51,mughlai,115.75,86.56,False,dessert
578,51,mughlai,129.92,97.16,False,main
579,51,mughlai,88.7,66.33,True,dessert
580,51,mughlai,76.98,57.57,False,main
581,51,mughlai,128.98,96.45,False,main
582,52,north_indian,91.68,65.39,False,side
583,52,north_indian,65.45,46.68,False,main
584,52,north_indian,184.06,131.28,False,beverage
585,52,north_indian,140.81,100.42,False,main
586,52,north_indian,196.89,140.42,False,side
587,52,north_indian,209.74,149.59,False,side
588,52,north_indian,134.72,96.09,True,main
589,52,north_indian,112.12,79.96,False,side
590,53,italian,57.09,44.75,False,main
591,53,italian,96.12,75.35,False,side
592,53,italian,119.44,93.63,False,beverage
593,53,italian,164.56,128.99,True,beverage
594,53,italian,79.52,62.33,False,beverage
595,53,italian,111.93,87.74,False,dessert
596,53,italian,115.62,90.63,False,side
597,53,italian,171.17,134.17,False,side
598,53,italian,161.0,126.2,False,side
599,53,italian,159.12,124.73,False,beverage
600,54,italian,135.86,105.1,False,main
601,54,italian,100.66,77.87,False,side
602,54,italian,104.17,80.58,False,beverage
603,54,italian,79.83,61.75,False,beverage
604,54,italian,103.24,79.86,False,dessert
605,54,italian,108.68,84.08,False,side
606,54,italian,114.01,88.19,False,side
607,54,italian,128.44,99.36,False,dessert
608,54,italian,125.11,96.78,False,main
609,54,italian,146.43,113.28,False,main
610,55,chinese,178.0,116.87,False,side
611,55,chinese,166.38,109.24,False,main
612,55,chinese,114.64,75.27,False,main
613,55,chinese,97.53,64.04,False,dessert
614,55,chinese,79.1,51.94,False,beverage
615,55,chinese,174.92,114.85,False,dessert
616,55,chinese,125.24,82.23,False,main
617,55,chinese,105.91,69.54,False,dessert
618,55,chinese,90.81,59.62,True,beverage
619,55,chinese,199.64,131.08,False,main
620,55,chinese,94.15,61.81,False,side
621,55,chinese,185.97,122.1,False,side
622,55,chinese,124.11,81.49,False,side
623,55,chinese,133.85,87.88,False,beverage
624,56,desserts,166.63,114.82,True,side
625,56,desserts,118.62,81.75,True,main
626,56,desserts,106.25,73.22,True,beverage
627,56,desserts,132.95,91.61,False,beverage
628,56,desserts,170.77,117.68,False,dessert
629,56,desserts,209.6,144.44,False,side
630,56,desserts,106.89,73.66,True,dessert
631,56,desserts,173.4,119.49,False,dessert
632,56,desserts,194.77,134.22,False,side
633,56,desserts,151.3,104.26,False,side
634,56,desserts,367.68,253.37,False,main
635,56,desserts,95.52,65.82,False,beverage
636,56,desserts,119.04,82.03,False,main
637,56,desserts,193.24,133.16,False,main
638,57,italian,128.38,93.57,True,side
639,57,italian,116.9,85.2,False,main
640,57,italian,87.93,64.09,True,side
641,57,italian,153.87,112.15,False,beverage
642,57,italian,101.22,73.77,False,beverage
643,57,italian,78.6,57.29,False,dessert
644,57,italian,65.67,47.86,False,side
645,57,italian,89.41,65.17,False,main
646,57,italian,150.23,109.49,False,main
647,57,italian,129.38,94.29,False,beverage
648,57,italian,122.99,89.64,False,side
649,58,mughlai,119.02,75.85,False,side
650,58,mughlai,145.19,92.54,False,dessert
651,58,mughlai,166.16,105.9,False,side
652,58,mughlai,154.71,98.6,False,side
653,58,mughlai,121.4,77.37,True,beverage
654,58,mughlai,111.89,71.31,False,dessert
655,58,mughlai,91.66,58.42,False,beverage
656,58,mughlai,153.65,97.93,False,dessert
657,59,north_indian,193.21,151.72,False,beverage
658,59,north_indian,109.25,85.79,False,side
659,59,north_indian,105.59,82.91,False,main
660,59,north_indian,146.2,114.8,False,main
661,59,north_indian,111.01,87.17,False,dessert
662,59,north_indian,149.07,117.06,False,beverage
663,59,north_indian,144.39,113.39,False,dessert
664,59,north_indian,92.39,72.55,True,side
665,59,north_indian,103.6,81.36,False,dessert
666,59,north_indian,105.44,82.8,False,beverage
667,59,north_indian,53.48,42.0,False,main
668,59,north_indian,108.13,84.91,False,main
669,59,north_indian,133.88,105.13,False,dessert
670,60,mughlai,132.4,104.84,False,main
671,60,mughlai,112.45,89.04,False,dessert
672,60,mughlai,122.23,96.78,False,side
673,60,mughlai,186.79,147.9,False,main
674,60,mughlai,66.14,52.37,False,side
675,60,mughlai,166.75,132.04,False,main
676,60,mughlai,149.83,118.64,False,side
677,60,mughlai,114.54,90.69,False,beverage
678,60,mughlai,128.59,101.82,False,beverage
679,60,mughlai,93.02,73.66,False,side
680,61,chinese,90.52,63.87,False,side
681,61,chinese,94.48,66.66,False,side
682,61,chinese,135.88,95.88,False,main
683,61,chinese,127.74,90.13,False,side
684,61,chinese,79.45,56.06,False,dessert
685,61,chinese,81.29,57.36,False,beverage
686,61,chinese,93.74,66.14,False,dessert
687,61,chinese,256.36,180.89,False,main
688,61,chinese,144.92,102.25,False,dessert
689,61,chinese,108.8,76.77,False,dessert
690,61,chinese,80.49,56.79,True,beverage
691,61,chinese,109.48,77.25,False,side
692,62,south_indian,255.02,191.06,False,side
693,62,south_indian,119.89,89.82,False,side
694,62,south_indian,104.42,78.23,False,side
695,62,south_indian,167.26,125.31,False,dessert
696,62,south_indian,116.37,87.18,False,beverage
697,62,south_indian,112.18,84.04,True,dessert
698,62,south_indian,186.4,139.65,False,beverage
699,62,south_indian,113.2,84.8,False,side
700,62,south_indian,165.29,123.83,False,main
701,63,chinese,116.67,86.48,False,side
702,63,chinese,164.77,122.14,True,beverage
703,63,chinese,163.18,120.96,False,main
704,63,chinese,133.04,98.62,False,beverage
705,63,chinese,146.29,108.44,False,dessert
706,63,chinese,151.36,112.2,False,beverage
707,63,chinese,101.78,75.45,False,side
708,63,chinese,141.86,105.15,False,main
709,63,chinese,776.75,575.78,False,beverage
710,63,chinese,123.38,91.45,False,beverage
711,63,chinese,184.83,137.01,False,dessert
712,64,continental,133.3,92.61,False,main
713,64,continental,193.09,134.15,False,dessert
714,64,continental,139.2,96.71,False,side
715,64,continental,88.93,61.79,False,beverage
716,64,continental,132.44,92.01,True,beverage
717,64,continental,50.5,35.08,False,side
718,64,continental,77.84,54.08,False,beverage
719,64,continental,110.92,77.06,False,dessert
720,64,continental,159.76,110.99,False,dessert
721,64,continental,150.82,104.78,False,beverage
722,64,continental,128.93,89.57,False,beverage
723,64,continental,124.26,86.33,True,dessert
724,64,continental,178.5,124.01,False,main
725,65,desserts,111.38,66.99,False,side
726,65,desserts,130.78,78.66,False,dessert
727,65,desserts,205.19,123.41,False,side
728,65,desserts,216.61,130.28,False,side
729,65,desserts,116.21,69.9,False,main
730,65,desserts,115.52,69.48,False,main
731,65,desserts,211.84,127.41,True,beverage
732,65,desserts,125.12,75.26,False,main
733,65,desserts,79.63,47.89,False,beverage
734,66,italian,127.17,76.52,False,main
735,66,italian,161.92,97.43,False,side
736,66,italian,179.01,107.72,False,beverage
737,66,italian,111.04,66.82,False,dessert
738,66,italian,146.46,88.13,True,side
739,66,italian,159.13,95.76,False,side
740,66,italian,125.86,75.73,False,beverage
741,66,italian,108.03,65.0,False,side
742,66,italian,106.4,64.02,False,main
743,66,italian,128.82,77.52,False,dessert
744,67,beverages,73.22,51.74,False,side
745,67,beverages,132.77,93.81,False,beverage
746,67,beverages,126.21,89.18,False,side
747,67,beverages,92.62,65.45,False,side
748,67,beverages,112.99,79.84,False,side
749,67,beverages,216.59,153.04,False,dessert
750,67,beverages,166.16,117.41,False,dessert
751,67,beverages,151.75,107.23,False,dessert
752,68,beverages,206.92,136.25,False,dessert
753,68,beverages,123.92,81.6,True,main
754,68,beverages,85.78,56.49,True,side
755,68,beverages,239.69,157.84,False,beverage
756,68,beverages,280.07,184.42,False,side
757,68,beverages,165.57,109.03,False,dessert
758,68,beverages,189.27,124.63,False,beverage
759,68,beverages,222.73,146.67,False,dessert
760,68,beverages,217.05,142.93,False,dessert
761,68,beverages,200.65,132.12,False,main
762,68,beverages,253.37,166.84,False,main
763,68,beverages,113.38,74.66,False,beverage
764,69,mughlai,142.13,90.47,False,dessert
765,69,mughlai,104.28,66.38,False,beverage
766,69,mughlai,140.98,89.74,False,main
767,69,mughlai,185.81,118.28,False,main
768,69,mughlai,236.09,150.28,False,side
769,69,mughlai,102.11,65.0,False,side
770,69,mughlai,250.36,159.37,False,side
771,69,mughlai,218.45,139.05,True,side
772,69,mughlai,118.93,75.7,False,main
773,69,mughlai,183.83,117.01,False,main
774,69,mughlai,222.94,141.91,False,dessert
775,69,mughlai,205.49,130.8,True,beverage
776,69,mughlai,107.77,68.6,False,dessert
777,70,italian,139.75,89.99,False,side
778,70,italian,202.16,130.17,False,main
779,70,italian,137.83,88.75,False,dessert
780,70,italian,174.12,112.12,False,beverage
781,70,italian,169.86,109.37,False,beverage
782,70,italian,185.26,119.29,False,beverage
783,70,italian,55.93,36.01,False,beverage
784,70,italian,146.49,94.33,False,main
785,70,italian,332.67,214.21,False,side
786,70,italian,271.95,175.11,False,main
787,70,italian,67.15,43.24,False,main
788,71,italian,121.41,85.41,False,dessert
789,71,italian,130.92,92.1,False,dessert
790,71,italian,89.32,62.84,True,main
791,71,italian,211.6,148.87,False,beverage
792,71,italian,134.45,94.59,False,dessert
793,71,italian,251.21,176.73,False,main
794,71,italian,114.54,80.58,False,dessert
795,71,italian,163.15,114.78,False,beverage
796,71,italian,155.21,109.19,False,beverage
797,71,italian,92.06,64.76,False,side
798,72,beverages,273.94,215.67,False,main
799,72,beverages,117.79,92.74,False,side
800,72,beverages,66.39,52.27,False,beverage
801,72,beverages,165.18,130.05,False,main
802,72,beverages,264.56,208.29,False,beverage
803,72,beverages,219.36,172.71,False,dessert
804,72,beverages,75.04,59.08,False,main
805,72,beverages,164.14,129.23,True,main
806,72,beverages,234.29,184.46,False,side
807,73,south_indian,179.31,141.71,False,dessert
808,73,south_indian,105.92,83.71,False,side
809,73,south_indian,187.15,147.9,False,side
810,73,south_indian,201.27,159.07,True,beverage
811,73,south_indian,95.09,75.15,False,beverage
812,73,south_indian,137.78,108.89,False,main
813,73,south_indian,138.16,109.19,False,beverage
814,73,south_indian,79.22,62.61,True,dessert
815,73,south_indian,149.51,118.16,False,side
816,74,chinese,128.75,94.28,False,main
817,74,chinese,75.4,55.22,False,main
818,74,chinese,176.58,129.31,False,dessert
819,74,chinese,93.99,68.83,False,dessert
820,74,chinese,146.54,107.31,True,beverage
821,74,chinese,54.04,39.57,False,side
822,74,chinese,129.16,94.59,False,beverage
823,74,chinese,102.14,74.8,False,dessert
824,74,chinese,96.15,70.41,True,main
825,74,chinese,214.74,157.26,False,beverage
826,74,chinese,109.24,79.99,True,beverage
827,75,south_indian,80.48,52.44,False,main
828,75,south_indian,111.56,72.68,False,side
829,75,south_indian,79.13,51.56,False,beverage
830,75,south_indian,163.84,106.75,False,side
831,75,south_indian,125.97,82.08,False,side
832,75,south_indian,98.45,64.14,False,dessert
833,75,south_indian,163.01,106.2,True,side
834,75,south_indian,98.79,64.37,False,main
835,75,south_indian,153.03,99.71,False,main
836,75,south_indian,157.89,102.87,False,main
837,75,south_indian,114.8,74.8,False,main
838,75,south_indian,92.82,60.48,False,beverage
839,75,south_indian,141.46,92.16,False,main
840,75,south_indian,182.64,118.99,False,main
841,76,italian,46.37,31.42,False,beverage
842,76,italian,104.72,70.95,False,main
843,76,italian,104.05,70.49,False,beverage
844,76,italian,211.4,143.23,True,beverage
845,76,italian,139.54,94.54,False,main
846,76,italian,99.85,67.65,False,dessert
847,76,italian,118.4,80.22,True,dessert
848,76,italian,195.59,132.51,False,beverage
849,77,italian,69.6,49.51,True,side
850,77,italian,90.34,64.26,False,side
851,77,italian,138.64,98.61,False,beverage
852,77,italian,122.71,87.29,False,main
853,77,italian,188.2,133.87,False,side
854,77,italian,149.2,106.13,False,dessert
855,77,italian,131.47,93.52,False,dessert
856,77,italian,186.99,133.01,False,side
857,77,italian,68.57,48.77,False,beverage
858,77,italian,83.7,59.54,False,beverage
859,77,italian,114.91,81.74,False,main
860,77,italian,132.37,94.15,False,dessert
861,78,mughlai,111.78,72.62,False,side
862,78,mughlai,91.45,59.41,True,dessert
863,78,mughlai,187.93,122.09,False,dessert
864,78,mughlai,96.74,62.85,False,main
865,78,mughlai,185.94,120.8,False,beverage
866,78,mughlai,120.32,78.17,False,main
867,78,mughlai,258.65,168.04,False,dessert
868,78,mughlai,94.83,61.61,False,beverage
869,78,mughlai,204.02,132.55,False,side
870,78,mughlai,81.43,52.9,False,beverage
871,78,mughlai,150.38,97.69,False,beverage
872,79,chinese,96.07,74.24,False,beverage
873,79,chinese,100.29,77.5,False,side
874,79,chinese,96.71,74.73,False,beverage
875,79,chinese,154.24,119.19,False,side
876,79,chinese,128.14,99.02,False,side
877,79,chinese,154.95,119.74,False,dessert
878,79,chinese,124.29,96.05,False,dessert
879,79,chinese,112.02,86.57,False,main
880,79,chinese,195.3,150.92,False,dessert
881,80,south_indian,96.26,75.25,False,main
882,80,south_indian,96.29,75.28,False,dessert
883,80,south_indian,123.79,96.78,False,beverage
884,80,south_indian,164.11,128.3,False,beverage
885,80,south_indian,226.48,177.07,False,beverage
886,80,south_indian,108.23,84.61,False,side
887,80,south_indian,135.06,105.59,False,dessert
888,80,south_indian,185.81,145.27,False,beverage
889,80,south_indian,239.93,187.58,False,side
890,81,desserts,187.92,150.22,False,main
891,81,desserts,119.04,95.16,False,beverage
892,81,desserts,147.14,117.62,False,side
893,81,desserts,141.96,113.48,False,side
894,81,desserts,64.48,51.55,False,beverage
895,81,desserts,145.25,116.11,False,main
896,81,desserts,127.64,102.04,False,dessert
897,81,desserts,130.65,104.44,False,beverage
898,81,desserts,169.04,135.13,False,dessert
899,81,desserts,139.39,111.43,False,side
900,81,desserts,95.94,76.69,False,beverage
901,81,desserts,158.31,126.55,False,side
902,82,south_indian,122.47,81.78,False,dessert
903,82,south_indian,167.85,112.08,False,beverage
904,82,south_indian,137.29,91.67,False,beverage
905,82,south_indian,141.98,94.81,True,side
906,82,south_indian,111.33,74.34,False,beverage
907,82,south_indian,169.24,113.01,False,dessert
908,82,south_indian,130.75,87.31,False,side
909,82,south_indian,71.0,47.41,False,main
910,83,desserts,128.71,97.44,True,dessert
911,83,desserts,107.34,81.25,False,main
912,83,desserts,159.68,120.88,False,main
913,83,desserts,121.27,91.8,False,beverage
914,83,desserts,94.22,71.32,False,main
915,83,desserts,196.93,149.08,False,main
916,83,desserts,123.16,93.23,False,side
917,83,desserts,51.62,39.08,False,side
918,83,desserts,138.94,105.18,False,beverage
919,83,desserts,227.32,172.08,True,dessert
920,83,desserts,199.27,150.85,False,main
921,83,desserts,119.8,90.69,False,side
922,84,south_indian,194.68,135.41,False,dessert
923,84,south_indian,135.42,94.2,False,beverage
924,84,south_indian,182.76,127.12,True,main
925,84,south_indian,63.12,43.9,False,dessert
926,84,south_indian,124.71,86.75,False,dessert
927,84,south_indian,124.85,86.84,False,beverage
928,84,south_indian,129.08,89.79,False,main
929,84,south_indian,184.06,128.02,False,dessert
930,85,italian,82.07,49.77,False,dessert
931,85,italian,109.41,66.35,False,main
932,85,italian,92.6,56.16,True,main
933,85,italian,224.42,136.09,True,dessert
934,85,italian,113.16,68.62,False,dessert
935,85,italian,123.4,74.83,False,dessert
936,85,italian,121.64,73.76,False,side
937,85,italian,159.58,96.77,False,side
938,85,italian,75.24,45.63,False,dessert
939,86,italian,100.64,71.92,True,beverage
940,86,italian,120.74,86.28,True,main
941,86,italian,223.59,159.78,False,beverage
942,86,italian,94.74,67.7,False,main
943,86,italian,145.4,103.9,False,main
944,86,italian,199.94,142.88,False,beverage
945,86,italian,261.3,186.72,False,main
946,86,italian,188.38,134.62,False,side
947,86,italian,98.91,70.68,False,side
948,86,italian,219.14,156.6,False,dessert
949,86,italian,149.86,107.09,False,dessert
950,86,italian,95.76,68.43,True,side
951,86,italian,88.4,63.17,False,dessert
952,86,italian,161.61,115.48,False,main
953,87,beverages,172.46,105.93,False,main
954,87,beverages,114.57,70.37,False,dessert
955,87,beverages,68.14,41.86,False,main
956,87,beverages,172.24,105.79,False,main
957,87,beverages,63.21,38.82,False,beverage
958,87,beverages,100.38,61.66,False,beverage
959,87,beverages,178.55,109.67,False,beverage
960,87,beverages,192.04,117.96,False,beverage
961,88,south_indian,121.85,82.91,True,side
962,88,south_indian,112.93,76.85,False,beverage
963,88,south_indian,205.84,140.07,False,side
964,88,south_indian,212.16,144.37,False,main
965,88,south_indian,196.06,133.41,False,side
966,88,south_indian,84.18,57.28,False,main
967,88,south_indian,207.23,141.01,False,side
968,88,south_indian,177.35,120.68,False,side
969,88,south_indian,78.22,53.22,False,dessert
970,88,south_indian,231.81,157.74,False,beverage
971,88,south_indian,191.63,130.4,False,beverage
972,89,desserts,174.76,129.66,False,dessert
973,89,desserts,193.65,143.68,False,dessert
974,89,desserts,144.49,107.21,False,beverage
975,89,desserts,95.97,71.2,False,beverage
976,89,desserts,95.3,70.71,False,side
977,89,desserts,129.43,96.04,False,main
978,89,desserts,104.03,77.19,False,beverage
979,89,desserts,64.98,48.21,False,dessert
980,89,desserts,80.56,59.77,False,main
981,90,north_indian,116.65,79.61,False,side
982,90,north_indian,125.73,85.81,False,side
983,90,north_indian,157.26,107.33,False,beverage
984,90,north_indian,156.26,106.65,False,side
985,90,north_indian,113.58,77.52,False,dessert
986,90,north_indian,126.35,86.23,False,dessert
987,90,north_indian,171.64,117.14,False,side
988,90,north_indian,133.01,90.78,False,side
989,90,north_indian,206.44,140.9,False,side
990,90,north_indian,140.25,95.72,False,dessert
991,91,mughlai,196.31,139.16,False,side
992,91,mughlai,273.9,194.16,False,dessert
993,91,mughlai,123.76,87.73,False,dessert
994,91,mughlai,306.13,217.01,False,beverage
995,91,mughlai,134.35,95.24,False,main
996,91,mughlai,69.25,49.09,True,beverage
997,91,mughlai,140.35,99.49,False,side
998,91,mughlai,155.65,110.33,False,beverage
999,91,mughlai,129.1,91.52,False,dessert
1000,91,mughlai,121.16,85.89,True,side
1001,91,mughlai,115.12,81.6,False,side
1002,91,mughlai,203.51,144.26,False,main
1003,91,mughlai,95.98,68.04,False,main
1004,92,desserts,150.89,102.87,False,dessert
1005,92,desserts,179.21,122.17,False,side
1006,92,desserts,99.87,68.09,False,dessert
1007,92,desserts,58.71,40.03,False,dessert
1008,92,desserts,166.87,113.76,False,main
1009,92,desserts,139.42,95.05,False,side
1010,92,desserts,116.51,79.43,False,beverage
1011,92,desserts,50.4,34.36,False,dessert
1012,92,desserts,138.77,94.6,False,main
1013,92,desserts,138.75,94.59,False,main
1014,93,south_indian,95.61,73.04,False,beverage
1015,93,south_indian,148.98,113.81,False,main
1016,93,south_indian,230.51,176.08,False,main
1017,93,south_indian,128.75,98.35,False,beverage
1018,93,south_indian,82.44,62.97,False,beverage
1019,93,south_indian,90.8,69.36,True,main
1020,93,south_indian,157.3,120.16,False,side
1021,93,south_indian,151.11,115.43,True,dessert
1022,93,south_indian,146.26,111.72,False,side
1023,93,south_indian,317.28,242.36,True,beverage
1024,93,south_indian,77.88,59.49,False,side
1025,93,south_indian,170.55,130.28,False,side
1026,93,south_indian,97.66,74.6,False,dessert
1027,93,south_indian,125.99,96.24,False,main
1028,94,italian,175.73,123.56,False,side
1029,94,italian,95.91,67.44,False,main
1030,94,italian,161.04,113.23,True,beverage
1031,94,italian,229.03,161.04,False,main
1032,94,italian,125.06,87.93,False,main
1033,94,italian,182.3,128.18,False,beverage
1034,94,italian,116.88,82.18,False,side
1035,94,italian,307.27,216.05,False,beverage
1036,94,italian,203.26,142.92,False,side
1037,94,italian,97.49,68.54,False,side
1038,94,italian,93.34,65.63,False,beverage
1039,94,italian,139.24,97.91,False,beverage
1040,94,italian,135.63,95.36,False,main
1041,95,chinese,44.57,34.23,False,side
1042,95,chinese,109.16,83.82,False,main
1043,95,chinese,115.05,88.34,False,beverage
1044,95,chinese,130.79,100.43,False,dessert
1045,95,chinese,143.52,110.21,False,side
1046,95,chinese,74.49,57.2,False,main
1047,95,chinese,117.96,90.58,False,side
1048,95,chinese,103.69,79.62,False,main
1049,95,chinese,229.78,176.44,False,dessert
1050,95,chinese,77.97,59.87,True,beverage
1051,95,chinese,212.27,163.0,False,dessert
1052,95,chinese,143.56,110.24,False,dessert
1053,95,chinese,107.49,82.54,False,beverage
1054,96,mughlai,99.82,78.54,False,beverage
1055,96,mughlai,93.68,73.71,False,beverage
1056,96,mughlai,200.36,157.65,False,beverage
1057,96,mughlai,151.74,119.39,False,main
1058,96,mughlai,187.88,147.83,False,main
1059,96,mughlai,176.33,138.74,False,dessert
1060,96,mughlai,166.1,130.69,False,dessert
1061,96,mughlai,96.83,76.19,True,main
1062,97,beverages,102.39,63.4,False,dessert
1063,97,beverages,107.82,66.77,False,dessert
1064,97,beverages,93.89,58.14,False,beverage
1065,97,beverages,212.88,131.83,False,side
1066,97,beverages,91.75,56.82,True,dessert
1067,97,beverages,293.25,181.6,False,side
1068,97,beverages,177.55,109.95,False,main
1069,97,beverages,196.15,121.47,False,dessert
1070,97,beverages,104.47,64.7,False,dessert
1071,97,beverages,134.22,83.12,False,beverage
1072,97,beverages,274.2,169.81,False,side
1073,97,beverages,128.86,79.8,False,side
1074,97,beverages,108.05,66.91,False,beverage
1075,98,mughlai,136.23,101.79,False,dessert
1076,98,mughlai,141.58,105.79,False,side
1077,98,mughlai,132.15,98.75,False,dessert
1078,98,mughlai,116.17,86.8,False,beverage
1079,98,mughlai,133.09,99.45,False,side
1080,98,mughlai,126.27,94.35,False,side
1081,98,mughlai,123.57,92.33,False,beverage
1082,98,mughlai,169.2,126.44,False,dessert
1083,98,mughlai,121.58,90.85,False,dessert
1084,98,mughlai,94.86,70.88,False,main
1085,98,mughlai,78.11,58.36,True,dessert
1086,98,mughlai,148.29,110.81,False,main
1087,98,mughlai,66.32,49.56,False,main
1088,99,mughlai,310.47,199.55,False,dessert
1089,99,mughlai,145.45,93.49,True,beverage
1090,99,mughlai,124.95,80.31,False,beverage
1091,99,mughlai,172.09,110.6,False,beverage
1092,99,mughlai,139.25,89.5,True,beverage
1093,99,mughlai,108.13,69.5,False,main
1094,99,mughlai,157.98,101.54,False,beverage
1095,99,mughlai,149.16,95.87,False,main
1096,99,mughlai,120.18,77.24,False,beverage
1097,99,mughlai,171.22,110.05,False,main
1098,99,mughlai,115.89,74.48,False,main
1099,99,mughlai,127.76,82.12,False,beverage
1100,100,south_indian,279.13,198.36,False,main
1101,100,south_indian,138.37,98.33,True,side
1102,100,south_indian,143.35,101.87,True,side
1103,100,south_indian,94.72,67.31,False,beverage
1104,100,south_indian,117.34,83.39,False,dessert
1105,100,south_indian,84.71,60.2,False,main
1106,100,south_indian,161.96,115.1,False,dessert
1107,100,south_indian,114.54,81.39,False,dessert
1108,100,south_indian,193.56,137.55,False,dessert
1109,101,north_indian,118.97,88.76,False,main
1110,101,north_indian,165.67,123.6,False,side
1111,101,north_indian,174.27,130.02,False,main
1112,101,north_indian,148.28,110.62,False,dessert
1113,101,north_indian,137.92,102.9,False,dessert
1114,101,north_indian,141.14,105.3,False,side
1115,101,north_indian,188.54,140.67,False,dessert
1116,101,north_indian,94.23,70.3,False,side
1117,101,north_indian,157.49,117.5,False,main
1118,101,north_indian,142.43,106.26,False,main
1119,102,beverages,215.51,171.86,False,side
1120,102,beverages,191.51,152.71,False,main
1121,102,beverages,119.01,94.9,False,dessert
1122,102,beverages,111.51,88.92,False,dessert
1123,102,beverages,115.79,92.33,False,side
1124,102,beverages,126.81,101.12,True,side
1125,102,beverages,81.03,64.62,False,dessert
1126,102,beverages,142.89,113.94,False,dessert
1127,102,beverages,114.19,91.05,False,dessert
1128,102,beverages,151.38,120.71,False,side
1129,102,beverages,235.49,187.79,False,dessert
1130,102,beverages,119.69,95.44,False,beverage
1131,103,north_indian,141.27,94.82,False,dessert
1132,103,north_indian,163.94,110.04,False,dessert
1133,103,north_indian,119.02,79.88,False,main
1134,103,north_indian,138.63,93.05,True,side
1135,103,north_indian,106.33,71.37,False,beverage
1136,103,north_indian,117.12,78.61,False,side
1137,103,north_indian,95.89,64.36,False,side
1138,103,north_indian,120.58,80.93,False,beverage
1139,103,north_indian,98.18,65.9,False,main
1140,103,north_indian,155.03,104.06,False,beverage
1141,103,north_indian,80.56,54.07,False,side
1142,103,north_indian,194.26,130.38,False,side
1143,103,north_indian,217.18,145.77,False,dessert
1144,103,north_indian,144.56,97.03,False,beverage
1145,104,italian,146.88,114.33,True,dessert
1146,104,italian,185.18,144.15,False,main
1147,104,italian,112.18,87.32,False,main
1148,104,italian,109.99,85.62,False,side
1149,104,italian,198.92,154.84,False,main
1150,104,italian,88.79,69.11,False,beverage
1151,104,italian,171.03,133.14,False,beverage
1152,104,italian,356.9,277.83,False,dessert
1153,104,italian,108.0,84.07,False,beverage
1154,104,italian,180.73,140.69,False,dessert
1155,104,italian,107.17,83.43,False,main
1156,104,italian,129.17,100.55,False,main
1157,104,italian,73.11,56.91,False,side
1158,104,italian,85.14,66.28,False,beverage
1159,105,continental,101.84,80.99,False,beverage
1160,105,continental,219.61,174.64,False,side
1161,105,continental,86.88,69.09,False,main
1162,105,continental,186.43,148.25,False,side
1163,105,continental,141.45,112.49,True,side
1164,105,continental,111.14,88.39,True,beverage
1165,105,continental,159.51,126.85,False,main
1166,105,continental,174.5,138.77,True,beverage
1167,105,continental,133.88,106.47,True,main
1168,105,continental,109.67,87.22,False,beverage
1169,105,continental,102.58,81.58,True,beverage
1170,105,continental,44.46,35.36,False,side
1171,106,desserts,127.86,85.49,False,main
1172,106,desserts,152.7,102.1,True,beverage
1173,106,desserts,100.02,66.87,False,main
1174,106,desserts,126.47,84.56,False,beverage
1175,106,desserts,189.07,126.41,False,side
1176,106,desserts,221.77,148.28,False,main
1177,106,desserts,114.17,76.33,True,main
1178,106,desserts,90.4,60.44,False,main
1179,106,desserts,123.33,82.46,False,side
1180,106,desserts,100.94,67.49,False,beverage
1181,106,desserts,112.63,75.31,False,beverage
1182,107,desserts,174.42,111.44,False,beverage
1183,107,desserts,135.6,86.64,False,dessert
1184,107,desserts,232.6,148.62,False,beverage
1185,107,desserts,139.54,89.15,False,side
1186,107,desserts,135.64,86.67,False,side
1187,107,desserts,197.34,126.09,False,main
1188,107,desserts,116.41,74.38,True,main
1189,107,desserts,155.63,99.43,True,beverage
1190,107,desserts,99.14,63.34,False,dessert
1191,107,desserts,85.81,54.83,False,dessert
1192,107,desserts,155.98,99.66,False,side
1193,107,desserts,76.94,49.16,True,side
1194,107,desserts,162.5,103.83,True,dessert
1195,108,north_indian,119.23,81.87,False,dessert
1196,108,north_indian,133.4,91.6,False,beverage
1197,108,north_indian,109.33,75.07,False,beverage
1198,108,north_indian,103.12,70.8,False,beverage
1199,108,north_indian,139.92,96.07,False,main
1200,108,north_indian,91.17,62.6,False,main
1201,108,north_indian,119.46,82.02,False,main
1202,108,north_indian,74.77,51.34,False,main
1203,108,north_indian,93.81,64.41,False,side
1204,108,north_indian,52.94,36.35,False,main
1205,108,north_indian,179.04,122.94,False,beverage
1206,108,north_indian,91.85,63.06,True,side
1207,108,north_indian,163.19,112.05,False,dessert
1208,108,north_indian,129.39,88.84,False,main
1209,109,chinese,213.53,141.76,False,beverage
1210,109,chinese,183.23,121.64,False,side
1211,109,chinese,145.27,96.44,False,main
1212,109,chinese,254.92,169.24,False,beverage
1213,109,chinese,134.4,89.23,False,side
1214,109,chinese,91.7,60.88,True,main
1215,109,chinese,109.3,72.56,False,side
1216,109,chinese,80.49,53.43,False,dessert
1217,110,north_indian,220.16,153.42,False,beverage
1218,110,north_indian,121.36,84.57,False,side
1219,110,north_indian,125.58,87.51,False,main
1220,110,north_indian,133.58,93.08,False,dessert
1221,110,north_indian,163.06,113.63,True,side
1222,110,north_indian,91.14,63.51,False,main
1223,110,north_indian,123.12,85.8,False,main
1224,110,north_indian,143.42,99.94,False,main
1225,110,north_indian,134.88,93.99,False,dessert
1226,110,north_indian,222.88,155.32,False,beverage
1227,110,north_indian,116.34,81.08,False,main
1228,111,italian,226.02,154.67,True,main
1229,111,italian,192.92,132.02,False,side
1230,111,italian,318.15,217.72,False,beverage
1231,111,italian,157.16,107.55,False,beverage
1232,111,italian,118.61,81.17,False,main
1233,111,italian,99.35,67.99,False,side
1234,111,italian,135.36,92.63,False,main
1235,111,italian,137.72,94.25,False,beverage
1236,111,italian,243.73,166.79,False,main
1237,111,italian,80.98,55.41,True,side
1238,111,italian,96.95,66.35,False,dessert
1239,112,continental,219.39,165.22,False,side
1240,112,continental,155.03,116.75,False,main
1241,112,continental,238.34,179.49,False,side
1242,112,continental,171.23,128.95,False,dessert
1243,112,continental,87.06,65.57,False,side
1244,112,continental,240.31,180.98,False,beverage
1245,112,continental,173.71,130.82,False,dessert
1246,112,continental,114.68,86.37,False,side
1247,112,continental,109.45,82.42,False,dessert
1248,113,beverages,200.25,163.78,False,side
1249,113,beverages,111.82,91.45,False,beverage
1250,113,beverages,138.52,113.29,False,dessert
1251,113,beverages,149.14,121.97,False,side
1252,113,beverages,205.57,168.13,False,side
1253,113,beverages,160.37,131.16,False,main
1254,113,beverages,171.78,140.49,False,beverage
1255,113,beverages,120.95,98.92,False,side
1256,113,beverages,121.59,99.44,False,beverage
1257,113,beverages,79.76,65.23,False,side
1258,113,beverages,114.48,93.63,False,side
1259,114,north_indian,173.87,126.84,False,dessert
1260,114,north_indian,122.67,89.49,True,dessert
1261,114,north_indian,129.23,94.27,False,dessert
1262,114,north_indian,130.38,95.11,False,side
1263,114,north_indian,113.45,82.76,False,side
1264,114,north_indian,120.04,87.57,False,beverage
1265,114,north_indian,136.96,99.91,False,main
1266,114,north_indian,144.32,105.28,True,beverage
1267,114,north_indian,118.35,86.34,False,side
1268,114,north_indian,85.32,62.24,False,beverage
1269,114,north_indian,111.2,81.12,False,main
1270,114,north_indian,139.63,101.86,False,main
1271,115,beverages,168.13,112.93,False,dessert
1272,115,beverages,112.46,75.54,False,dessert
1273,115,beverages,159.53,107.15,False,dessert
1274,115,beverages,143.01,96.06,False,dessert
1275,115,beverages,65.01,43.67,False,main
1276,115,beverages,64.12,43.07,False,dessert
1277,115,beverages,149.36,100.32,False,beverage
1278,115,beverages,153.29,102.96,False,main
1279,116,continental,158.36,110.72,True,side
1280,116,continental,139.76,97.72,False,side
1281,116,continental,195.8,136.9,False,side
1282,116,continental,163.56,114.36,False,dessert
1283,116,continental,122.92,85.95,False,side
1284,116,continental,122.76,85.83,False,main
1285,116,continental,163.7,114.46,False,main
1286,116,continental,118.48,82.84,False,main
1287,116,continental,131.03,91.61,False,beverage
1288,116,continental,161.03,112.59,True,dessert
1289,117,beverages,125.7,100.32,False,dessert
1290,117,beverages,225.31,179.81,False,dessert
1291,117,beverages,145.87,116.41,False,side
1292,117,beverages,130.67,104.28,False,dessert
1293,117,beverages,205.55,164.03,False,main
1294,117,beverages,140.23,111.91,False,main
1295,117,beverages,126.26,100.76,False,side
1296,117,beverages,95.88,76.51,False,main
1297,117,beverages,72.79,58.09,True,beverage
1298,117,beverages,131.77,105.16,False,beverage
1299,117,beverages,245.14,195.63,False,dessert
1300,117,beverages,170.01,135.68,True,dessert
1301,117,beverages,90.97,72.6,False,dessert
1302,118,mughlai,133.66,89.79,False,beverage
1303,118,mughlai,140.09,94.11,False,main
1304,118,mughlai,88.79,59.64,True,main
1305,118,mughlai,132.89,89.27,False,dessert
1306,118,mughlai,182.03,122.28,False,main
1307,118,mughlai,124.79,83.83,False,main
1308,118,mughlai,161.6,108.56,False,side
1309,118,mughlai,134.48,90.34,False,main
1310,118,mughlai,198.4,133.28,False,main
1311,118,mughlai,111.77,75.08,False,main
1312,118,mughlai,124.76,83.81,False,side
1313,118,mughlai,215.07,144.48,False,main
1314,118,mughlai,183.8,123.47,False,beverage
1315,119,continental,76.65,48.15,False,beverage
1316,119,continental,92.58,58.15,False,dessert
1317,119,continental,131.11,82.36,False,dessert
1318,119,continental,122.25,76.79,False,dessert
1319,119,continental,101.75,63.92,False,dessert
1320,119,continental,117.21,73.62,True,side
1321,119,continental,147.4,92.59,True,side
1322,119,continental,122.52,76.96,False,side
1323,119,continental,117.72,73.95,False,beverage
1324,119,continental,83.45,52.42,False,dessert
1325,119,continental,103.25,64.86,False,main
1326,119,continental,179.48,112.74,True,main
1327,120,chinese,216.17,137.12,False,main
1328,120,chinese,230.05,145.92,False,side
1329,120,chinese,134.57,85.35,False,side
1330,120,chinese,94.64,60.03,False,beverage
1331,120,chinese,140.05,88.83,False,side
1332,120,chinese,91.51,58.04,False,dessert
1333,120,chinese,141.37,89.67,False,dessert
1334,120,chinese,215.34,136.59,False,side
1335,120,chinese,222.57,141.17,False,dessert
1336,120,chinese,87.35,55.4,False,main
1337,121,italian,203.64,155.29,False,dessert
1338,121,italian,125.71,95.86,False,side
1339,121,italian,105.84,80.72,False,side
1340,121,italian,395.76,301.8,False,dessert
1341,121,italian,99.96,76.23,False,main
1342,121,italian,125.81,95.94,True,beverage
1343,121,italian,303.5,231.45,False,dessert
1344,121,italian,206.81,157.71,False,beverage
1345,121,italian,86.54,66.0,False,side
1346,122,chinese,110.79,88.3,False,beverage
1347,122,chinese,127.51,101.63,False,beverage
1348,122,chinese,161.36,128.6,False,dessert
1349,122,chinese,213.9,170.48,False,side
1350,122,chinese,144.07,114.82,False,beverage
1351,122,chinese,190.48,151.82,False,dessert
1352,122,chinese,156.11,124.42,False,beverage
1353,122,chinese,84.16,67.08,False,main
1354,122,chinese,254.31,202.69,False,dessert
1355,122,chinese,153.06,121.99,False,beverage
1356,123,continental,113.64,85.92,False,dessert
1357,123,continental,172.01,130.05,False,main
1358,123,continental,78.28,59.19,False,side
1359,123,continental,162.08,122.55,False,beverage
1360,123,continental,100.05,75.65,False,main
1361,123,continental,131.75,99.62,True,dessert
1362,123,continental,218.77,165.41,False,main
1363,123,continental,178.38,134.87,False,dessert
1364,123,continental,117.44,88.8,False,dessert
1365,124,beverages,198.82,149.48,True,beverage
1366,124,beverages,215.04,161.67,False,dessert
1367,124,beverages,130.45,98.08,False,dessert
1368,124,beverages,164.43,123.62,False,side
1369,124,beverages,142.83,107.38,False,dessert
1370,124,beverages,172.45,129.65,False,main
1371,124,beverages,64.91,48.8,False,dessert
1372,124,beverages,206.05,154.91,False,dessert
1373,124,beverages,113.25,85.14,True,side
1374,124,beverages,118.98,89.45,False,side
1375,124,beverages,137.22,103.16,False,dessert
1376,125,north_indian,176.93,130.14,False,main
1377,125,north_indian,170.45,125.37,True,beverage
1378,125,north_indian,134.2,98.7,False,dessert
1379,125,north_indian,141.06,103.75,False,dessert
1380,125,north_indian,166.22,122.26,False,side
1381,125,north_indian,181.96,133.83,False,side
1382,125,north_indian,140.85,103.6,False,dessert
1383,125,north_indian,140.62,103.43,False,beverage
1384,125,north_indian,221.27,162.75,False,dessert
1385,125,north_indian,178.11,131.0,False,side
1386,125,north_indian,89.26,65.65,False,dessert
1387,125,north_indian,104.82,77.09,False,beverage
1388,125,north_indian,89.03,65.48,False,side
1389,125,north_indian,227.77,167.52,False,beverage
1390,126,chinese,145.23,118.54,False,main
1391,126,chinese,188.86,154.16,False,main
1392,126,chinese,146.27,119.4,False,side
1393,126,chinese,120.52,98.38,False,side
1394,126,chinese,240.06,195.95,False,side
1395,126,chinese,188.74,154.06,False,main
1396,126,chinese,247.14,201.73,False,side
1397,126,chinese,197.6,161.29,False,side
1398,126,chinese,84.8,69.22,True,side
1399,127,south_indian,157.99,121.66,False,dessert
1400,127,south_indian,306.6,236.1,False,main
1401,127,south_indian,129.37,99.62,False,dessert
1402,127,south_indian,210.04,161.74,False,main
1403,127,south_indian,92.79,71.46,True,dessert
1404,127,south_indian,177.85,136.95,False,dessert
1405,127,south_indian,159.28,122.66,False,beverage
1406,127,south_indian,105.21,81.02,False,beverage
1407,127,south_indian,113.65,87.52,False,dessert
1408,127,south_indian,166.01,127.84,True,main
1409,127,south_indian,103.73,79.88,False,side
1410,127,south_indian,180.6,139.08,False,dessert
1411,127,south_indian,185.06,142.51,False,main
1412,128,north_indian,98.67,73.84,False,dessert
1413,128,north_indian,98.89,74.0,True,side
1414,128,north_indian,100.19,74.98,False,dessert
1415,128,north_indian,126.93,94.99,False,side
1416,128,north_indian,137.66,103.02,False,side
1417,128,north_indian,146.6,109.71,False,dessert
1418,128,north_indian,127.67,95.54,False,dessert
1419,128,north_indian,114.28,85.52,False,beverage
1420,128,north_indian,152.19,113.89,False,side
1421,128,north_indian,134.66,100.77,False,side
1422,128,north_indian,91.28,68.31,True,side
1423,128,north_indian,117.83,88.18,False,side
1424,129,south_indian,141.28,114.4,False,side
1425,129,south_indian,79.19,64.12,False,beverage
1426,129,south_indian,279.12,226.01,False,dessert
1427,129,south_indian,158.14,128.04,False,beverage
1428,129,south_indian,127.56,103.29,True,beverage
1429,129,south_indian,104.8,84.86,False,beverage
1430,129,south_indian,93.56,75.76,False,main
1431,129,south_indian,70.14,56.79,False,main
1432,129,south_indian,181.53,146.98,False,main
1433,129,south_indian,154.05,124.74,False,beverage
1434,129,south_indian,96.75,78.34,True,dessert
1435,130,continental,147.57,119.39,False,dessert
1436,130,continental,148.47,120.12,True,beverage
1437,130,continental,174.57,141.24,True,dessert
1438,130,continental,176.61,142.89,False,side
1439,130,continental,157.32,127.28,False,dessert
1440,130,continental,123.17,99.65,False,side
1441,130,continental,129.28,104.59,False,side
1442,130,continental,120.6,97.57,False,main
1443,130,continental,134.47,108.79,False,beverage
1444,130,continental,152.07,123.03,False,main
1445,130,continental,165.59,133.97,False,main
1446,131,mughlai,312.65,194.08,False,dessert
1447,131,mughlai,337.42,209.45,False,dessert
1448,131,mughlai,142.36,88.37,True,beverage
1449,131,mughlai,158.7,98.51,False,main
1450,131,mughlai,129.7,80.51,False,side
1451,131,mughlai,157.78,97.94,False,main
1452,131,mughlai,81.3,50.47,False,main
1453,131,mughlai,97.28,60.38,False,main
1454,131,mughlai,133.73,83.01,False,dessert
1455,132,desserts,95.44,67.08,False,main
1456,132,desserts,144.78,101.76,False,side
1457,132,desserts,120.69,84.83,True,main
1458,132,desserts,188.84,132.73,False,beverage
1459,132,desserts,134.0,94.18,False,beverage
1460,132,desserts,123.12,86.53,False,dessert
1461,132,desserts,131.16,92.19,False,beverage
1462,132,desserts,114.67,80.59,False,main
1463,133,italian,86.9,55.94,False,beverage
1464,133,italian,182.01,117.18,False,side
1465,133,italian,122.26,78.71,False,dessert
1466,133,italian,146.53,94.34,False,main
1467,133,italian,151.77,97.71,False,beverage
1468,133,italian,151.78,97.72,False,dessert
1469,133,italian,257.07,165.5,False,side
1470,133,italian,253.34,163.1,False,beverage
1471,133,italian,138.44,89.13,False,side
1472,133,italian,136.19,87.68,False,beverage
1473,133,italian,113.31,72.95,False,main
1474,133,italian,134.22,86.41,False,beverage
1475,133,italian,368.3,237.11,False,main
1476,133,italian,220.88,142.2,False,dessert
1477,134,italian,191.97,135.6,False,side
1478,134,italian,98.82,69.81,False,side
1479,134,italian,66.08,46.68,False,beverage
1480,134,italian,194.61,137.46,False,beverage
1481,134,italian,65.89,46.55,False,dessert
1482,134,italian,209.14,147.73,False,beverage
1483,134,italian,223.51,157.88,True,dessert
1484,134,italian,123.02,86.9,False,beverage
1485,134,italian,159.85,112.91,False,main
1486,134,italian,141.94,100.26,False,beverage
1487,134,italian,141.74,100.12,False,side
1488,134,italian,96.29,68.01,False,beverage
1489,134,italian,180.99,127.84,False,dessert
1490,134,italian,151.79,107.22,False,side
1491,135,mughlai,168.8,108.58,False,side
1492,135,mughlai,90.81,58.42,False,beverage
1493,135,mughlai,121.29,78.02,False,side
1494,135,mughlai,118.99,76.54,False,side
1495,135,mughlai,102.44,65.9,False,main
1496,135,mughlai,148.5,95.52,False,side
1497,135,mughlai,100.42,64.6,False,side
1498,135,mughlai,137.43,88.4,False,beverage
1499,136,desserts,197.24,146.49,False,side
1500,136,desserts,77.13,57.28,False,dessert
1501,136,desserts,51.67,38.37,False,side
1502,136,desserts,124.75,92.65,False,main
1503,136,desserts,130.08,96.61,False,dessert
1504,136,desserts,267.3,198.52,False,main
1505,136,desserts,284.79,211.51,False,side
1506,136,desserts,88.91,66.03,False,dessert
1507,136,desserts,91.55,67.99,False,main
1508,136,desserts,149.0,110.66,False,dessert
1509,136,desserts,96.73,71.84,False,dessert
1510,136,desserts,182.59,135.61,False,beverage
1511,136,desserts,125.23,93.01,False,beverage
1512,136,desserts,171.93,127.69,False,side
1513,137,desserts,235.26,179.07,False,beverage
1514,137,desserts,140.39,106.86,False,main
1515,137,desserts,172.23,131.1,True,side
1516,137,desserts,142.1,108.16,False,side
1517,137,desserts,62.01,47.2,False,beverage
1518,137,desserts,66.39,50.54,False,dessert
1519,137,desserts,214.08,162.95,False,main
1520,137,desserts,136.96,104.25,False,main
1521,137,desserts,202.71,154.3,False,main
1522,137,desserts,112.89,85.93,False,main
1523,137,desserts,129.66,98.69,False,main
1524,137,desserts,114.74,87.34,True,dessert
1525,137,desserts,125.79,95.75,False,side
1526,137,desserts,136.12,103.61,False,beverage
1527,138,beverages,173.55,130.74,False,dessert
1528,138,beverages,85.99,64.78,False,side
1529,138,beverages,114.35,86.14,False,dessert
1530,138,beverages,130.36,98.2,False,main
1531,138,beverages,80.11,60.35,False,side
1532,138,beverages,154.57,116.44,False,beverage
1533,138,beverages,128.34,96.68,False,beverage
1534,138,beverages,155.17,116.89,False,main
1535,138,beverages,115.53,87.03,True,beverage
1536,138,beverages,166.8,125.65,False,beverage
1537,139,south_indian,164.47,125.57,False,main
1538,139,south_indian,105.11,80.25,True,dessert
1539,139,south_indian,146.38,111.76,False,side
1540,139,south_indian,224.24,171.2,False,dessert
1541,139,south_indian,130.0,99.25,False,side
1542,139,south_indian,108.72,83.01,False,side
1543,139,south_indian,56.32,43.0,False,main
1544,139,south_indian,226.69,173.07,True,dessert
1545,139,south_indian,76.88,58.7,False,dessert
1546,139,south_indian,191.67,146.34,True,side
1547,139,south_indian,157.21,120.02,False,dessert
1548,139,south_indian,89.39,68.25,False,beverage
1549,139,south_indian,103.82,79.26,False,beverage
1550,139,south_indian,99.02,75.6,False,main
1551,140,continental,172.91,108.12,False,main
1552,140,continental,129.65,81.06,False,main
1553,140,continental,131.76,82.39,False,dessert
1554,140,continental,129.69,81.09,False,dessert
1555,140,continental,135.09,84.47,False,main
1556,140,continental,143.31,89.61,False,side
1557,140,continental,160.91,100.61,False,main
1558,140,continental,50.63,31.66,False,main
1559,140,continental,115.1,71.97,True,beverage
1560,140,continental,114.84,71.81,True,main
1561,140,continental,88.25,55.18,False,main
1562,140,continental,153.19,95.78,False,beverage
1563,141,continental,124.77,84.72,False,dessert
1564,141,continental,204.18,138.65,False,dessert
1565,141,continental,133.07,90.36,False,side
1566,141,continental,125.07,84.93,False,side
1567,141,continental,156.45,106.24,False,main
1568,141,continental,212.72,144.45,False,main
1569,141,continental,99.71,67.7,False,beverage
1570,141,continental,167.25,113.57,False,beverage
1571,141,continental,251.13,170.53,False,beverage
1572,141,continental,71.49,48.54,False,dessert
1573,141,continental,119.36,81.05,True,main
1574,141,continental,73.6,49.98,False,main
1575,142,desserts,122.1,88.97,False,main
1576,142,desserts,113.25,82.53,False,side
1577,142,desserts,209.77,152.86,False,beverage
1578,142,desserts,91.46,66.65,False,side
1579,142,desserts,99.53,72.52,True,side
1580,142,desserts,114.26,83.26,False,main
1581,142,desserts,118.68,86.48,False,main
1582,142,desserts,154.05,112.25,False,main
1583,142,desserts,184.43,134.39,False,beverage
1584,143,south_indian,140.91,108.86,False,beverage
1585,143,south_indian,171.72,132.66,True,beverage
1586,143,south_indian,151.49,117.03,True,main
1587,143,south_indian,130.3,100.66,False,side
1588,143,south_indian,101.49,78.41,False,dessert
1589,143,south_indian,174.8,135.04,False,main
1590,143,south_indian,66.63,51.48,False,dessert
1591,143,south_indian,206.14,159.25,False,dessert
1592,143,south_indian,162.96,125.9,False,dessert
1593,143,south_indian,176.11,136.05,False,dessert
1594,144,south_indian,174.11,131.29,False,beverage
1595,144,south_indian,98.54,74.31,False,main
1596,144,south_indian,77.74,58.62,False,side
1597,144,south_indian,182.74,137.8,False,dessert
1598,144,south_indian,79.94,60.28,False,dessert
1599,144,south_indian,185.96,140.23,False,beverage
1600,144,south_indian,115.1,86.79,False,side
1601,144,south_indian,196.21,147.95,False,dessert
1602,144,south_indian,91.6,69.08,False,main
1603,145,desserts,135.52,105.14,False,side
1604,145,desserts,106.39,82.54,False,main
1605,145,desserts,102.0,79.13,False,beverage
1606,145,desserts,248.19,192.55,False,beverage
1607,145,desserts,145.94,113.22,False,side
1608,145,desserts,178.31,138.34,False,side
1609,145,desserts,149.21,115.77,False,main
1610,145,desserts,91.89,71.29,False,main
1611,145,desserts,99.88,77.49,False,side
1612,145,desserts,172.01,133.45,False,main
1613,145,desserts,184.65,143.26,False,main
1614,145,desserts,157.49,122.18,True,beverage
1615,146,north_indian,115.93,88.34,False,main
1616,146,north_indian,134.19,102.26,False,beverage
1617,146,north_indian,126.4,96.32,False,dessert
1618,146,north_indian,100.42,76.52,False,side
1619,146,north_indian,94.91,72.32,False,dessert
1620,146,north_indian,92.46,70.46,True,dessert
1621,146,north_indian,175.12,133.44,True,side
1622,146,north_indian,162.39,123.75,False,dessert
1623,146,north_indian,157.07,119.69,False,side
1624,146,north_indian,92.4,70.41,False,side
1625,146,north_indian,194.55,148.26,False,dessert
1626,146,north_indian,116.82,89.02,False,beverage
1627,146,north_indian,108.58,82.74,True,beverage
1628,146,north_indian,266.96,203.43,False,side
1629,147,south_indian,162.73,107.37,False,side
1630,147,south_indian,109.25,72.08,False,beverage
1631,147,south_indian,151.4,99.9,False,dessert
1632,147,south_indian,137.28,90.58,False,side
1633,147,south_indian,123.64,81.58,False,main
1634,147,south_indian,146.08,96.39,False,main
1635,147,south_indian,87.33,57.63,False,side
1636,147,south_indian,88.97,58.7,False,side
1637,147,south_indian,134.03,88.43,False,beverage
1638,147,south_indian,166.58,109.91,False,side
1639,147,south_indian,108.43,71.54,False,dessert
1640,147,south_indian,143.63,94.77,False,dessert
1641,147,south_indian,101.2,66.77,False,main
1642,148,desserts,130.94,82.44,False,dessert
1643,148,desserts,289.69,182.38,True,side
1644,148,desserts,83.38,52.5,False,main
1645,148,desserts,120.2,75.68,False,side
1646,148,desserts,168.59,106.14,False,dessert
1647,148,desserts,152.45,95.98,False,side
1648,148,desserts,95.75,60.28,False,dessert
1649,148,desserts,131.07,82.52,False,beverage
1650,148,desserts,446.19,280.91,False,side
1651,148,desserts,240.21,151.23,False,side
1652,148,desserts,188.06,118.4,True,beverage
1653,148,desserts,107.52,67.69,False,dessert
1654,149,continental,180.54,112.01,False,dessert
1655,149,continental,141.79,87.96,False,dessert
1656,149,continental,110.97,68.85,False,dessert
1657,149,continental,112.5,69.8,False,beverage
1658,149,continental,131.18,81.38,False,main
1659,149,continental,156.62,97.17,False,main
1660,149,continental,74.45,46.19,False,beverage
1661,149,continental,69.28,42.98,False,main
1662,149,continental,159.92,99.21,False,dessert
1663,149,continental,189.68,117.68,False,side
1664,150,continental,101.38,79.92,False,main
1665,150,continental,195.56,154.16,False,main
1666,150,continental,98.46,77.62,False,main
1667,150,continental,174.71,137.73,False,beverage
1668,150,continental,150.98,119.02,False,dessert
1669,150,continental,121.27,95.6,False,beverage
1670,150,continental,149.65,117.97,True,beverage
1671,150,continental,138.41,109.11,False,beverage
1672,150,continental,196.26,154.72,True,beverage
1673,150,continental,143.03,112.76,False,dessert
1674,150,continental,67.22,52.99,False,side
1675,151,beverages,146.28,97.86,False,main
1676,151,beverages,70.0,46.83,False,side
1677,151,beverages,156.99,105.03,False,main
1678,151,beverages,179.57,120.13,False,main
1679,151,beverages,276.04,184.67,False,main
1680,151,beverages,138.87,92.9,False,side
1681,151,beverages,96.66,64.66,True,dessert
1682,151,beverages,75.47,50.49,False,dessert
1683,151,beverages,76.8,51.38,False,main
1684,151,beverages,124.81,83.5,False,side
1685,152,mughlai,131.87,89.54,False,side
1686,152,mughlai,109.73,74.5,False,beverage
1687,152,mughlai,170.7,115.9,False,dessert
1688,152,mughlai,90.38,61.37,False,main
1689,152,mughlai,148.76,101.01,False,main
1690,152,mughlai,127.9,86.85,False,side
1691,152,mughlai,145.68,98.91,False,side
1692,152,mughlai,106.63,72.4,False,side
1693,153,continental,112.0,85.26,False,beverage
1694,153,continental,116.81,88.92,False,dessert
1695,153,continental,148.72,113.21,False,side
1696,153,continental,119.79,91.19,False,main
1697,153,continental,256.18,195.01,False,main
1698,153,continental,154.6,117.68,False,beverage
1699,153,continental,174.77,133.04,False,side
1700,153,continental,137.15,104.4,False,dessert
1701,153,continental,78.66,59.87,False,beverage
1702,153,continental,78.59,59.83,False,dessert
1703,153,continental,96.37,73.36,False,main
1704,153,continental,81.08,61.72,False,main
1705,153,continental,141.87,108.0,False,main
1706,153,continental,224.57,170.95,True,main
1707,154,north_indian,153.01,99.88,False,main
1708,154,north_indian,161.09,105.16,False,beverage
1709,154,north_indian,128.1,83.62,False,dessert
1710,154,north_indian,212.45,138.69,False,dessert
1711,154,north_indian,98.2,64.1,False,main
1712,154,north_indian,160.75,104.94,False,beverage
1713,154,north_indian,109.13,71.24,False,side
1714,154,north_indian,109.64,71.57,False,side
1715,154,north_indian,164.15,107.15,False,beverage
1716,154,north_indian,134.79,87.99,False,main
1717,155,italian,192.86,156.3,False,main
1718,155,italian,156.72,127.01,False,main
1719,155,italian,71.3,57.78,False,side
1720,155,italian,115.9,93.93,False,side
1721,155,italian,207.83,168.42,True,beverage
1722,155,italian,113.33,91.84,True,beverage
1723,155,italian,67.68,54.85,False,dessert
1724,155,italian,146.83,118.99,False,beverage
1725,155,italian,120.47,97.63,False,side
1726,155,italian,117.37,95.11,False,main
1727,156,italian,75.19,49.61,False,side
1728,156,italian,189.81,125.24,False,main
1729,156,italian,277.59,183.16,False,dessert
1730,156,italian,105.84,69.83,False,beverage
1731,156,italian,97.34,64.22,False,dessert
1732,156,italian,176.07,116.17,False,main
1733,156,italian,78.15,51.57,False,dessert
1734,156,italian,140.83,92.92,False,beverage
1735,157,desserts,109.97,88.01,False,main
1736,157,desserts,216.8,173.51,False,beverage
1737,157,desserts,204.52,163.69,False,beverage
1738,157,desserts,131.31,105.09,False,beverage
1739,157,desserts,104.29,83.47,False,beverage
1740,157,desserts,130.01,104.06,False,main
1741,157,desserts,104.14,83.35,False,dessert
1742,157,desserts,103.16,82.57,False,dessert
1743,157,desserts,78.8,63.07,False,main
1744,158,beverages,143.75,105.34,False,side
1745,158,beverages,135.77,99.49,False,dessert
1746,158,beverages,183.04,134.13,False,main
1747,158,beverages,107.44,78.73,False,main
1748,158,beverages,210.35,154.14,False,main
1749,158,beverages,75.6,55.4,False,main
1750,158,beverages,207.04,151.71,False,dessert
1751,158,beverages,166.85,122.26,False,main
1752,158,beverages,118.52,86.85,False,beverage
1753,158,beverages,142.74,104.59,False,main
1754,158,beverages,97.61,71.52,True,main
1755,158,beverages,97.61,71.52,False,main
1756,158,beverages,188.67,138.25,True,dessert
1757,158,beverages,133.22,97.62,False,main
1758,159,desserts,125.03,99.9,False,dessert
1759,159,desserts,113.12,90.39,False,beverage
1760,159,desserts,78.64,62.83,False,side
1761,159,desserts,246.55,197.0,False,side
1762,159,desserts,84.65,67.64,False,dessert
1763,159,desserts,121.17,96.82,False,dessert
1764,159,desserts,324.46,259.25,False,beverage
1765,159,desserts,127.45,101.84,False,beverage
1766,159,desserts,105.57,84.35,False,dessert
1767,159,desserts,103.07,82.36,False,dessert
1768,159,desserts,79.03,63.15,False,dessert
1769,160,north_indian,137.51,91.92,False,beverage
1770,160,north_indian,126.3,84.42,False,beverage
1771,160,north_indian,114.96,76.84,False,side
1772,160,north_indian,153.33,102.49,True,side
1773,160,north_indian,190.09,127.07,False,main
1774,160,north_indian,226.0,151.07,False,main
1775,160,north_indian,97.42,65.12,False,dessert
1776,160,north_indian,92.57,61.87,True,main
1777,160,north_indian,116.09,77.6,False,side
1778,160,north_indian,191.37,127.92,False,main
1779,160,north_indian,157.29,105.14,False,side
1780,161,desserts,118.84,79.93,False,main
1781,161,desserts,55.07,37.04,False,side
1782,161,desserts,110.94,74.62,True,dessert
1783,161,desserts,242.46,163.08,False,main
1784,161,desserts,256.51,172.54,False,dessert
1785,161,desserts,92.88,62.47,False,dessert
1786,161,desserts,160.22,107.77,False,side
1787,161,desserts,53.79,36.18,False,side
1788,161,desserts,176.52,118.73,True,beverage
1789,161,desserts,87.16,58.63,True,beverage
1790,161,desserts,82.97,55.81,False,dessert
1791,161,desserts,153.54,103.28,False,main
1792,161,desserts,189.88,127.72,True,main
1793,161,desserts,71.89,48.35,False,main
1794,162,north_indian,123.17,79.15,False,main
1795,162,north_indian,79.82,51.3,False,main
1796,162,north_indian,152.9,98.26,False,beverage
1797,162,north_indian,139.29,89.51,False,dessert
1798,162,north_indian,127.1,81.68,False,main
1799,162,north_indian,224.2,144.07,False,main
1800,162,north_indian,96.82,62.22,False,side
1801,162,north_indian,138.9,89.26,False,main
1802,162,north_indian,80.8,51.92,False,dessert
1803,162,north_indian,167.02,107.33,False,side
1804,162,north_indian,129.78,83.4,False,beverage
1805,162,north_indian,178.67,114.82,True,main
1806,162,north_indian,228.35,146.74,False,main
1807,162,north_indian,203.48,130.76,False,main
1808,163,desserts,67.36,54.01,False,dessert
1809,163,desserts,112.69,90.34,False,side
1810,163,desserts,66.84,53.59,False,main
1811,163,desserts,97.37,78.06,False,dessert
1812,163,desserts,194.32,155.78,False,main
1813,163,desserts,188.09,150.79,False,beverage
1814,163,desserts,90.12,72.25,False,beverage
1815,163,desserts,102.76,82.38,False,main
1816,163,desserts,86.4,69.27,False,beverage
1817,163,desserts,110.42,88.53,False,dessert
1818,164,desserts,193.52,134.13,False,main
1819,164,desserts,120.02,83.19,False,main
1820,164,desserts,124.03,85.97,False,dessert
1821,164,desserts,97.82,67.8,False,main
1822,164,desserts,104.62,72.51,False,beverage
1823,164,desserts,63.03,43.69,False,side
1824,164,desserts,127.84,88.61,False,side
1825,164,desserts,150.16,104.08,False,beverage
1826,164,desserts,188.64,130.75,False,beverage
1827,164,desserts,130.31,90.32,False,main
1828,164,desserts,86.88,60.22,False,dessert
1829,164,desserts,136.31,94.48,False,dessert
1830,165,beverages,148.34,96.35,False,dessert
1831,165,beverages,110.6,71.83,False,side
1832,165,beverages,217.07,140.98,False,main
1833,165,beverages,131.53,85.43,False,beverage
1834,165,beverages,115.2,74.82,False,dessert
1835,165,beverages,160.56,104.28,True,side
1836,165,beverages,149.31,96.98,False,beverage
1837,165,beverages,120.75,78.43,False,main
1838,165,beverages,255.14,165.71,True,side
1839,165,beverages,103.26,67.07,False,beverage
1840,165,beverages,91.67,59.54,False,dessert
1841,166,north_indian,73.34,47.9,False,main
1842,166,north_indian,148.77,97.16,False,main
1843,166,north_indian,129.02,84.27,False,side
1844,166,north_indian,109.58,71.57,False,side
1845,166,north_indian,124.62,81.39,True,dessert
1846,166,north_indian,127.86,83.51,False,side
1847,166,north_indian,121.96,79.66,False,main
1848,166,north_indian,128.47,83.9,False,main
1849,167,south_indian,113.89,73.22,False,dessert
1850,167,south_indian,162.3,104.34,True,main
1851,167,south_indian,129.52,83.27,False,beverage
1852,167,south_indian,132.49,85.18,False,main
1853,167,south_indian,295.21,189.79,False,side
1854,167,south_indian,83.22,53.5,False,dessert
1855,167,south_indian,265.94,170.97,False,main
1856,167,south_indian,118.08,75.92,False,main
1857,167,south_indian,169.57,109.02,False,beverage
1858,167,south_indian,91.48,58.81,False,dessert
1859,167,south_indian,124.49,80.03,False,beverage
1860,167,south_indian,111.9,71.94,False,side
1861,167,south_indian,119.51,76.83,False,dessert
1862,167,south_indian,133.14,85.6,False,dessert
1863,168,desserts,114.65,75.98,False,beverage
1864,168,desserts,104.67,69.37,False,side
1865,168,desserts,115.81,76.75,False,side
1866,168,desserts,114.37,75.79,False,side
1867,168,desserts,134.41,89.08,False,main
1868,168,desserts,162.59,107.75,False,main
1869,168,desserts,200.34,132.77,False,main
1870,168,desserts,136.46,90.44,False,beverage
1871,168,desserts,120.81,80.06,False,dessert
1872,169,italian,198.44,157.21,False,main
1873,169,italian,235.7,186.72,False,dessert
1874,169,italian,217.18,172.05,True,dessert
1875,169,italian,103.09,81.67,False,beverage
1876,169,italian,226.24,179.23,True,side
1877,169,italian,172.82,136.91,True,side
1878,169,italian,83.85,66.43,False,beverage
1879,169,italian,205.78,163.02,False,main
1880,169,italian,121.99,96.64,False,main
1881,169,italian,196.54,155.7,False,beverage
1882,169,italian,152.31,120.66,False,dessert
1883,170,beverages,158.0,101.19,False,beverage
1884,170,beverages,118.48,75.88,True,side
1885,170,beverages,124.05,79.45,True,main
1886,170,beverages,119.98,76.84,False,main
1887,170,beverages,178.58,114.37,False,side
1888,170,beverages,292.14,187.1,False,main
1889,170,beverages,97.18,62.24,False,dessert
1890,170,beverages,169.49,108.55,False,dessert
1891,170,beverages,120.42,77.12,False,dessert
1892,170,beverages,99.5,63.72,False,main
1893,170,beverages,105.38,67.49,False,main
1894,170,beverages,104.09,66.66,False,dessert
1895,171,north_indian,122.39,89.38,True,beverage
1896,171,north_indian,210.64,153.84,False,beverage
1897,171,north_indian,141.34,103.23,True,dessert
1898,171,north_indian,99.36,72.56,False,main
1899,171,north_indian,160.49,117.21,False,side
1900,171,north_indian,114.71,83.78,False,dessert
1901,171,north_indian,115.51,84.36,False,dessert
1902,171,north_indian,102.94,75.18,False,side
1903,172,mughlai,158.37,118.46,False,side
1904,172,mughlai,79.09,59.16,False,side
1905,172,mughlai,244.22,182.67,False,side
1906,172,mughlai,131.76,98.56,False,main
1907,172,mughlai,169.65,126.9,False,beverage
1908,172,mughlai,154.96,115.91,False,side
1909,172,mughlai,141.99,106.21,True,beverage
1910,172,mughlai,126.62,94.71,False,main
1911,172,mughlai,63.91,47.8,False,beverage
1912,172,mughlai,133.16,99.6,False,side
1913,172,mughlai,143.98,107.69,False,beverage
1914,172,mughlai,101.74,76.1,False,side
1915,172,mughlai,144.3,107.93,False,dessert
1916,172,mughlai,162.38,121.46,False,beverage
1917,173,south_indian,105.33,78.29,False,dessert
1918,173,south_indian,156.2,116.09,False,main
1919,173,south_indian,141.68,105.3,False,side
1920,173,south_indian,96.85,71.98,False,side
1921,173,south_indian,119.1,88.52,False,main
1922,173,south_indian,66.28,49.26,False,beverage
1923,173,south_indian,97.46,72.44,False,beverage
1924,173,south_indian,125.16,93.02,False,side
1925,173,south_indian,59.23,44.02,False,beverage
1926,173,south_indian,153.82,114.33,True,beverage
1927,173,south_indian,74.33,55.25,False,side
1928,173,south_indian,123.76,91.98,False,side
1929,173,south_indian,110.19,81.9,False,main
1930,174,beverages,117.36,70.61,False,main
1931,174,beverages,89.24,53.69,False,dessert
1932,174,beverages,260.8,156.89,False,beverage
1933,174,beverages,85.47,51.42,False,side
1934,174,beverages,125.62,75.57,False,side
1935,174,beverages,127.12,76.48,False,side
1936,174,beverages,89.75,53.99,False,side
1937,174,beverages,129.54,77.93,False,dessert
1938,174,beverages,200.08,120.37,False,main
1939,174,beverages,236.65,142.37,False,beverage
1940,174,beverages,111.81,67.26,False,beverage
1941,174,beverages,135.59,81.57,False,main
1942,175,beverages,104.6,65.29,False,side
1943,175,beverages,152.28,95.04,False,beverage
1944,175,beverages,79.61,49.69,False,dessert
1945,175,beverages,153.93,96.07,False,beverage
1946,175,beverages,278.52,173.83,True,dessert
1947,175,beverages,138.55,86.47,False,main
1948,175,beverages,93.05,58.08,False,dessert
1949,175,beverages,140.86,87.92,False,dessert
1950,175,beverages,192.41,120.09,False,main
1951,175,beverages,191.87,119.75,True,side
1952,176,italian,133.86,99.52,False,dessert
1953,176,italian,88.37,65.7,False,main
1954,176,italian,196.4,146.01,False,main
1955,176,italian,162.8,121.04,False,main
1956,176,italian,151.86,112.9,False,main
1957,176,italian,227.44,169.09,False,side
1958,176,italian,154.41,114.8,False,main
1959,176,italian,121.53,90.35,False,side
1960,176,italian,100.67,74.85,False,beverage
1961,177,desserts,133.35,97.6,False,side
1962,177,desserts,215.47,157.7,False,main
1963,177,desserts,148.79,108.9,False,side
1964,177,desserts,123.9,90.68,False,beverage
1965,177,desserts,184.31,134.9,False,dessert
1966,177,desserts,160.02,117.12,False,side
1967,177,desserts,96.59,70.7,False,dessert
1968,177,desserts,112.66,82.46,False,main
1969,177,desserts,274.37,200.81,False,dessert
1970,177,desserts,151.59,110.95,False,beverage
1971,177,desserts,217.11,158.9,False,beverage
1972,178,beverages,106.47,66.45,False,side
1973,178,beverages,98.72,61.61,False,side
1974,178,beverages,85.22,53.19,False,main
1975,178,beverages,142.75,89.09,False,dessert
1976,178,beverages,245.41,153.17,False,side
1977,178,beverages,158.9,99.17,False,main
1978,178,beverages,99.95,62.38,False,side
1979,178,beverages,91.5,57.11,False,side
1980,178,beverages,176.02,109.86,False,dessert
1981,178,beverages,204.04,127.35,False,main
1982,178,beverages,119.89,74.83,False,main
1983,178,beverages,105.31,65.73,False,main
1984,178,beverages,77.25,48.21,False,dessert
1985,179,north_indian,100.27,78.68,False,side
1986,179,north_indian,142.55,111.85,False,dessert
1987,179,north_indian,65.28,51.22,False,main
1988,179,north_indian,168.54,132.24,False,dessert
1989,179,north_indian,61.13,47.97,False,main
1990,179,north_indian,87.07,68.32,True,beverage
1991,179,north_indian,181.28,142.25,False,main
1992,179,north_indian,191.8,150.5,False,main
1993,179,north_indian,144.04,113.02,False,dessert
1994,179,north_indian,180.21,141.4,True,main
1995,179,north_indian,196.91,154.51,False,beverage
1996,179,north_indian,94.04,73.79,False,beverage
1997,180,chinese,135.65,88.65,False,beverage
1998,180,chinese,82.1,53.65,False,main
1999,180,chinese,181.49,118.6,False,beverage
2000,180,chinese,97.7,63.84,False,dessert
2001,180,chinese,81.49,53.25,False,dessert
2002,180,chinese,127.78,83.5,False,main
2003,180,chinese,160.63,104.97,False,beverage
2004,180,chinese,316.86,207.07,True,beverage
2005,180,chinese,133.71,87.38,False,beverage
2006,180,chinese,165.48,108.14,False,dessert
2007,180,chinese,181.82,118.82,False,dessert
2008,180,chinese,146.95,96.03,True,dessert
2009,180,chinese,102.39,66.91,False,side
2010,180,chinese,111.53,72.89,False,dessert
2011,181,mughlai,133.09,88.39,False,side
2012,181,mughlai,100.53,66.77,False,dessert
2013,181,mughlai,88.97,59.09,False,side
2014,181,mughlai,75.52,50.16,False,side
2015,181,mughlai,175.71,116.7,False,main
2016,181,mughlai,221.6,147.18,False,dessert
2017,181,mughlai,108.34,71.95,False,side
2018,181,mughlai,74.81,49.68,False,side
2019,181,mughlai,111.27,73.9,False,side
2020,181,mughlai,138.14,91.75,False,side
2021,181,mughlai,157.35,104.5,False,dessert
2022,182,desserts,222.14,147.68,False,side
2023,182,desserts,132.33,87.97,False,dessert
2024,182,desserts,286.22,190.28,False,side
2025,182,desserts,135.96,90.39,False,main
2026,182,desserts,196.46,130.61,False,dessert
2027,182,desserts,167.01,111.03,False,main
2028,182,desserts,231.62,153.98,False,side
2029,182,desserts,284.55,189.17,False,main
2030,182,desserts,125.67,83.54,False,dessert
2031,182,desserts,224.94,149.54,False,beverage
2032,182,desserts,99.42,66.09,False,side
2033,182,desserts,158.61,105.44,False,dessert
2034,183,mughlai,268.0,218.73,False,main
2035,183,mughlai,197.89,161.51,False,main
2036,183,mughlai,128.51,104.89,False,dessert
2037,183,mughlai,152.52,124.48,True,beverage
2038,183,mughlai,132.89,108.46,False,dessert
2039,183,mughlai,116.59,95.16,False,beverage
2040,183,mughlai,153.09,124.95,False,dessert
2041,183,mughlai,204.72,167.09,True,main
2042,183,mughlai,145.37,118.65,False,beverage
2043,183,mughlai,92.19,75.24,True,main
2044,183,mughlai,152.09,124.13,False,main
2045,183,mughlai,78.69,64.23,False,beverage
2046,183,mughlai,211.69,172.78,False,side
2047,183,mughlai,286.88,234.14,False,main
2048,184,beverages,106.85,64.12,False,side
2049,184,beverages,114.16,68.5,False,dessert
2050,184,beverages,129.74,77.85,False,main
2051,184,beverages,85.61,51.37,False,beverage
2052,184,beverages,146.2,87.73,False,dessert
2053,184,beverages,75.8,45.49,False,beverage
2054,184,beverages,274.75,164.86,False,beverage
2055,184,beverages,57.85,34.71,False,dessert
2056,184,beverages,116.48,69.89,True,beverage
2057,185,north_indian,87.54,58.6,False,beverage
2058,185,north_indian,247.26,165.51,False,dessert
2059,185,north_indian,130.68,87.47,False,side
2060,185,north_indian,107.28,71.81,False,side
2061,185,north_indian,198.75,133.03,False,beverage
2062,185,north_indian,202.87,135.79,False,main
2063,185,north_indian,141.57,94.76,False,side
2064,185,north_indian,126.51,84.68,False,beverage
2065,186,north_indian,92.3,68.45,False,dessert
2066,186,north_indian,110.04,81.61,False,main
2067,186,north_indian,51.46,38.17,False,dessert
2068,186,north_indian,180.72,134.04,False,beverage
2069,186,north_indian,115.09,85.36,False,beverage
2070,186,north_indian,105.33,78.12,False,side
2071,186,north_indian,155.47,115.31,False,beverage
2072,186,north_indian,93.31,69.21,False,side
2073,186,north_indian,127.96,94.9,False,main
2074,186,north_indian,128.38,95.21,False,main
2075,186,north_indian,165.34,122.63,False,beverage
2076,186,north_indian,134.2,99.54,False,dessert
2077,187,italian,139.57,105.69,False,main
2078,187,italian,113.25,85.76,False,beverage
2079,187,italian,78.19,59.21,False,dessert
2080,187,italian,162.87,123.34,False,side
2081,187,italian,116.68,88.36,False,beverage
2082,187,italian,113.48,85.93,False,side
2083,187,italian,127.45,96.51,False,main
2084,187,italian,117.36,88.87,False,main
2085,187,italian,159.43,120.73,False,beverage
2086,187,italian,171.57,129.93,False,beverage
2087,187,italian,90.7,68.68,False,dessert
2088,188,north_indian,123.33,87.2,False,beverage
2089,188,north_indian,141.53,100.07,False,side
2090,188,north_indian,125.38,88.65,True,dessert
2091,188,north_indian,145.84,103.11,False,dessert
2092,188,north_indian,177.36,125.4,False,main
2093,188,north_indian,170.28,120.39,False,side
2094,188,north_indian,220.28,155.74,False,side
2095,188,north_indian,236.84,167.45,True,main
2096,189,north_indian,110.84,90.69,False,side
2097,189,north_indian,161.55,132.17,True,dessert
2098,189,north_indian,117.49,96.13,False,dessert
2099,189,north_indian,174.51,142.78,False,dessert
2100,189,north_indian,155.13,126.93,False,side
2101,189,north_indian,149.69,122.47,False,side
2102,189,north_indian,98.57,80.65,False,beverage
2103,189,north_indian,101.01,82.65,False,beverage
2104,189,north_indian,121.63,99.52,False,main
2105,189,north_indian,114.77,93.9,False,main
2106,189,north_indian,130.17,106.5,False,side
2107,190,south_indian,117.89,95.07,False,main
2108,190,south_indian,67.51,54.44,False,beverage
2109,190,south_indian,192.65,155.36,False,beverage
2110,190,south_indian,151.29,122.0,False,beverage
2111,190,south_indian,77.22,62.28,False,main
2112,190,south_indian,124.71,100.57,False,dessert
2113,190,south_indian,169.87,136.99,False,dessert
2114,190,south_indian,196.43,158.41,False,side
2115,190,south_indian,179.34,144.62,False,dessert
2116,190,south_indian,156.46,126.17,False,side
2117,190,south_indian,171.6,138.38,False,dessert
2118,190,south_indian,114.47,92.31,False,beverage
2119,190,south_indian,81.16,65.45,True,main
2120,190,south_indian,146.82,118.4,False,dessert
2121,191,north_indian,103.64,72.58,False,main
2122,191,north_indian,198.25,138.83,False,dessert
2123,191,north_indian,78.39,54.9,False,beverage
2124,191,north_indian,112.41,78.72,True,main
2125,191,north_indian,163.02,114.16,False,beverage
2126,191,north_indian,61.87,43.33,False,beverage
2127,191,north_indian,99.82,69.9,False,side
2128,191,north_indian,95.7,67.02,False,beverage
2129,191,north_indian,135.44,94.85,False,dessert
2130,191,north_indian,162.07,113.5,False,side
2131,191,north_indian,303.29,212.39,False,beverage
2132,191,north_indian,76.92,53.87,False,main
2133,191,north_indian,158.88,111.26,False,beverage
2134,191,north_indian,157.97,110.62,False,side
2135,192,beverages,87.51,58.51,False,beverage
2136,192,beverages,149.97,100.28,False,main
2137,192,beverages,63.05,42.16,False,side
2138,192,beverages,149.78,100.15,False,side
2139,192,beverages,85.28,57.02,False,side
2140,192,beverages,222.04,148.46,False,main
2141,192,beverages,168.76,112.83,False,main
2142,192,beverages,156.57,104.69,False,dessert
2143,192,beverages,228.82,153.0,False,dessert
2144,192,beverages,150.16,100.4,False,beverage
2145,192,beverages,95.71,63.99,False,main
2146,192,beverages,178.23,119.17,False,dessert
2147,193,south_indian,130.03,90.03,False,side
2148,193,south_indian,211.29,146.29,False,main
2149,193,south_indian,170.67,118.17,False,beverage
2150,193,south_indian,118.41,81.98,True,dessert
2151,193,south_indian,118.32,81.92,False,dessert
2152,193,south_indian,176.15,121.96,False,dessert
2153,193,south_indian,73.78,51.08,False,main
2154,193,south_indian,84.74,58.67,False,beverage
2155,193,south_indian,101.78,70.47,False,side
2156,193,south_indian,130.02,90.02,True,beverage
2157,193,south_indian,87.83,60.81,False,main
2158,194,beverages,94.13,77.14,False,main
2159,194,beverages,130.01,106.54,False,main
2160,194,beverages,214.46,175.76,True,main
2161,194,beverages,141.31,115.81,False,beverage
2162,194,beverages,240.52,197.12,False,beverage
2163,194,beverages,173.7,142.35,False,side
2164,194,beverages,189.75,155.5,False,dessert
2165,194,beverages,136.04,111.49,False,beverage
2166,194,beverages,197.12,161.55,False,side
2167,195,south_indian,136.08,107.19,False,side
2168,195,south_indian,91.69,72.22,False,side
2169,195,south_indian,125.08,98.52,False,dessert
2170,195,south_indian,77.6,61.13,False,main
2171,195,south_indian,113.76,89.61,False,beverage
2172,195,south_indian,142.21,112.01,False,dessert
2173,195,south_indian,98.08,77.25,False,beverage
2174,195,south_indian,213.27,167.99,False,beverage
2175,195,south_indian,138.43,109.04,False,beverage
2176,195,south_indian,147.4,116.11,False,dessert
2177,195,south_indian,130.48,102.78,False,beverage
2178,195,south_indian,122.29,96.32,False,beverage
2179,196,beverages,137.48,92.83,False,beverage
2180,196,beverages,121.56,82.08,False,side
2181,196,beverages,148.17,100.05,False,side
2182,196,beverages,160.25,108.21,False,side
2183,196,beverages,182.76,123.41,False,beverage
2184,196,beverages,132.93,89.76,False,main
2185,196,beverages,143.43,96.85,False,main
2186,196,beverages,191.38,129.23,False,main
2187,196,beverages,221.86,149.81,False,dessert
2188,196,beverages,134.39,90.74,False,main
2189,196,beverages,113.05,76.33,False,main
2190,196,beverages,112.13,75.71,False,side
2191,196,beverages,89.4,60.37,False,dessert
2192,196,beverages,158.62,107.11,False,main
2193,197,italian,116.21,82.78,False,side
2194,197,italian,101.42,72.24,True,side
2195,197,italian,110.3,78.57,False,beverage
2196,197,italian,104.36,74.34,True,dessert
2197,197,italian,151.95,108.24,True,main
2198,197,italian,163.02,116.12,False,main
2199,197,italian,225.03,160.29,False,beverage
2200,197,italian,111.88,79.69,False,dessert
2201,197,italian,86.14,61.35,False,main
2202,197,italian,89.94,64.06,False,main
2203,197,italian,97.48,69.43,False,dessert
2204,197,italian,188.65,134.37,True,beverage
2205,197,italian,148.0,105.42,False,main
2206,197,italian,98.4,70.09,False,beverage
2207,198,north_indian,295.27,240.0,False,beverage
2208,198,north_indian,168.16,136.68,False,main
2209,198,north_indian,149.65,121.64,False,dessert
2210,198,north_indian,105.1,85.42,True,dessert
2211,198,north_indian,136.24,110.74,False,dessert
2212,198,north_indian,99.73,81.06,False,main
2213,198,north_indian,137.52,111.77,False,beverage
2214,198,north_indian,148.76,120.91,False,side
2215,198,north_indian,153.61,124.85,False,main
2216,198,north_indian,89.44,72.7,False,dessert
2217,198,north_indian,170.35,138.46,False,dessert
2218,198,north_indian,221.18,179.77,False,dessert
2219,198,north_indian,151.84,123.41,False,main
2220,198,north_indian,178.1,144.76,False,main
2221,199,chinese,101.28,82.93,False,beverage
2222,199,chinese,187.2,153.29,False,side
2223,199,chinese,110.58,90.55,False,side
2224,199,chinese,126.17,103.32,True,beverage
2225,199,chinese,116.53,95.42,True,beverage
2226,199,chinese,52.45,42.95,False,side
2227,199,chinese,124.61,102.04,False,side
2228,199,chinese,112.53,92.14,False,side
