restaurant_id,cuisine,base_margin,prep_time_mins,inventory_capacity,fulfillment_distance_km
0,north_indian,0.348,17,185,7.42
1,chinese,0.211,19,105,7.71
2,mughlai,0.216,38,190,8.36
3,desserts,0.254,31,79,8.17
4,mughlai,0.241,29,170,7.08
5,north_indian,0.296,29,74,1.66
6,desserts,0.248,28,55,3.15
7,continental,0.393,38,90,4.85
8,desserts,0.351,13,66,0.83
9,desserts,0.305,15,171,4.31
10,beverages,0.384,35,107,1.01
11,continental,0.212,12,167,2.3
12,chinese,0.232,25,102,4.72
13,continental,0.189,37,102,4.24
14,italian,0.298,33,49,3.76
15,desserts,0.329,23,103,3.49
16,south_indian,0.265,33,47,2.64
17,chinese,0.212,26,186,0.85
18,north_indian,0.269,25,109,3.12
19,chinese,0.187,34,84,7.89
20,north_indian,0.324,25,157,7.61
21,south_indian,0.265,39,81,3.97
22,beverages,0.348,20,197,1.47
23,beverages,0.357,37,99,3.47
24,mughlai,0.221,22,194,4.7
25,continental,0.199,12,110,3.98
26,north_indian,0.196,15,167,0.83
27,italian,0.388,32,48,4.9
28,desserts,0.276,30,87,3.93
29,continental,0.331,13,114,1.59
30,italian,0.235,32,182,1.51
31,continental,0.388,22,148,4.49
32,south_indian,0.382,26,57,3.64
33,beverages,0.199,35,120,5.94
34,desserts,0.272,29,171,7.01
35,continental,0.379,23,162,3.02
36,continental,0.18,33,92,1.87
37,north_indian,0.222,18,151,2.1
38,italian,0.254,20,191,4.18
39,mughlai,0.218,39,46,7.36
40,continental,0.335,30,172,7.21
41,south_indian,0.247,36,164,4.2
42,beverages,0.393,13,177,4.31
43,chinese,0.246,12,85,6.42
44,mughlai,0.395,37,138,2.03
45,mughlai,0.23,29,111,4.02
46,desserts,0.342,15,41,5.67
47,beverages,0.372,34,86,2.95
48,north_indian,0.374,23,90,1.13
49,chinese,0.251,25,173,1.59
50,italian,0.288,14,67,6.21
51,mughlai,0.34,28,61,6.2
52,chinese,0.279,16,148,4.48
53,south_indian,0.182,17,156,7.1
54,continental,0.199,34,111,4.11
55,italian,0.325,12,72,5.27
56,south_indian,0.357,36,189,5.21
57,desserts,0.348,27,130,4.57
58,continental,0.36,19,166,6.94
59,continental,0.192,31,84,5.15
60,south_indian,0.224,22,50,7.45
61,continental,0.324,17,189,2.58
62,beverages,0.39,13,122,2.16
63,north_indian,0.312,16,191,7.29
64,desserts,0.324,25,141,7.42
65,desserts,0.33,23,48,5.06
66,desserts,0.353,28,47,7.86
67,beverages,0.222,13,180,1.46
68,beverages,0.22,14,58,2.66
69,italian,0.203,35,177,3.39
70,mughlai,0.284,28,150,1.01
71,south_indian,0.295,35,103,6.31
72,continental,0.35,16,161,4.23
73,north_indian,0.348,22,174,7.2
74,desserts,0.258,31,117,1.36
75,desserts,0.325,31,158,2.2
76,south_indian,0.396,20,105,1.13
77,mughlai,0.244,34,182,7.07
78,north_indian,0.356,27,123,4.08
79,chinese,0.284,29,66,3.21
80,chinese,0.394,26,165,7.5
81,mughlai,0.296,28,64,7.05
82,desserts,0.372,35,64,1.74
83,italian,0.352,30,193,6.74
84,south_indian,0.343,21,103,3.0
85,north_indian,0.325,24,149,1.47
86,desserts,0.326,37,176,5.28
87,beverages,0.32,33,44,8.17
88,beverages,0.242,17,42,5.31
89,beverages,0.39,27,103,5.03
90,mughlai,0.252,12,162,0.81
91,north_indian,0.198,38,138,1.18
92,italian,0.209,37,131,5.5
93,north_indian,0.24,39,172,3.43
94,chinese,0.32,29,105,2.1
95,italian,0.297,16,167,6.66
96,south_indian,0.389,33,162,5.96
97,desserts,0.323,27,179,5.18
98,mughlai,0.375,19,52,6.14
99,beverages,0.268,38,108,4.66
100,south_indian,0.235,15,153,4.0
101,beverages,0.195,36,98,5.67
102,chinese,0.379,16,61,5.26
103,north_indian,0.37,24,198,2.68
104,continental,0.351,14,78,8.5
105,continental,0.396,21,74,5.78
106,beverages,0.257,36,129,2.44
107,continental,0.337,34,158,7.76
108,north_indian,0.351,16,181,3.36
109,italian,0.356,21,96,5.59
110,mughlai,0.385,35,68,1.45
111,north_indian,0.299,26,45,6.19
112,mughlai,0.318,12,100,7.67
113,north_indian,0.199,19,148,2.54
114,chinese,0.182,39,109,4.8
115,mughlai,0.359,22,101,3.1
116,continental,0.317,22,132,8.16
117,chinese,0.236,35,174,6.19
118,continental,0.249,26,107,4.05
119,chinese,0.257,17,115,3.26
120,north_indian,0.381,13,126,2.97
121,chinese,0.216,28,142,1.24
122,continental,0.244,18,51,4.02
123,italian,0.318,23,113,6.22
124,beverages,0.196,23,80,8.14
125,chinese,0.352,30,130,7.22
126,north_indian,0.399,22,55,0.89
127,south_indian,0.304,15,72,7.31
128,beverages,0.36,39,183,3.04
129,north_indian,0.217,25,68,6.58
130,south_indian,0.303,16,119,0.81
131,beverages,0.235,20,198,3.68
132,mughlai,0.258,38,153,2.87
133,chinese,0.316,25,182,7.63
134,italian,0.187,13,92,6.84
135,north_indian,0.209,31,114,6.89
136,north_indian,0.225,12,126,3.25
137,north_indian,0.228,16,168,4.08
138,desserts,0.182,29,47,1.28
139,beverages,0.212,21,160,4.77
140,north_indian,0.191,24,64,8.32
141,chinese,0.201,31,120,5.53
142,beverages,0.392,28,78,0.86
143,beverages,0.235,19,173,4.15
144,mughlai,0.198,30,96,5.14
145,north_indian,0.363,14,120,1.0
146,chinese,0.289,24,161,1.68
147,south_indian,0.21,32,184,7.54
148,beverages,0.368,15,167,4.06
149,continental,0.378,26,196,4.8
150,beverages,0.279,24,175,4.4
151,mughlai,0.228,28,125,3.74
152,mughlai,0.389,37,177,1.61
153,south_indian,0.33,29,40,1.72
154,desserts,0.359,39,51,3.65
155,beverages,0.23,22,123,5.85
156,mughlai,0.235,36,66,7.07
157,chinese,0.218,21,136,1.7
158,continental,0.288,13,60,4.94
159,beverages,0.191,22,115,6.58
160,italian,0.203,28,106,6.51
161,italian,0.217,23,178,4.09
162,continental,0.363,33,134,5.29
163,italian,0.269,29,138,7.46
164,italian,0.302,23,163,5.91
165,desserts,0.384,26,125,2.31
166,mughlai,0.38,12,124,6.72
167,continental,0.224,14,168,4.83
168,north_indian,0.323,29,155,3.31
169,beverages,0.297,15,185,6.52
170,continental,0.375,33,46,7.11
171,continental,0.196,36,185,8.38
172,beverages,0.2,30,118,3.26
173,south_indian,0.342,14,166,4.6
174,continental,0.317,35,156,5.02
175,chinese,0.271,31,123,1.92
176,desserts,0.313,31,65,6.74
177,south_indian,0.258,30,85,4.6
178,north_indian,0.245,15,168,8.34
179,south_indian,0.285,15,105,4.66
180,chinese,0.378,14,41,1.23
181,north_indian,0.232,17,68,6.05
182,mughlai,0.295,20,43,8.34
183,chinese,0.278,22,152,5.17
184,continental,0.366,28,102,6.38
185,chinese,0.2,37,145,7.88
186,desserts,0.305,31,190,8.17
187,beverages,0.333,12,55,0.97
188,desserts,0.301,14,83,1.13
189,italian,0.312,19,197,3.24
190,desserts,0.302,31,170,2.44
191,beverages,0.312,23,138,7.75
192,italian,0.318,31,155,2.48
193,continental,0.197,24,86,2.86
194,beverages,0.257,15,65,5.25
195,desserts,0.363,15,60,3.94
196,desserts,0.258,35,65,7.12
197,italian,0.367,26,180,3.74
198,beverages,0.302,15,53,5.58
199,mughlai,0.259,18,48,3.37
